File,Direct Link
open_areas_south_2005_utm.tif,https://drive.google.com/uc?id=1TXNonzCdgGf3CPOBymhI6fuM5XW8P0II&export=download
open_areas_south_2005_v2.tif,https://drive.google.com/uc?id=111zK2UOH_4pjfgNs0Fnr7NI7kCxXVdrc&export=download
open_areas_south_2005_all.tif,https://drive.google.com/uc?id=1-lbDuRfPmN7PkKhVxoaK1oBaUa9sNyKK&export=download
open_areas_south_2005.tif,https://drive.google.com/uc?id=1F0XEg7DeXDyFAWsL3H3BJyEzZwq6qdqz&export=download
open_areas_south.tif,https://drive.google.com/uc?id=1Sts6x0xHDag3YlN-XpmqzTFL21_xDWQZ&export=download
open_areas.tif,https://drive.google.com/uc?id=17jzR-1W3LtAoa1ws4A-WNwN0mdUtO2Dz&export=download
Draft Proposal to Core,https://docs.google.com/document/d/1td5l59j-kTYLak_3FN6EgUtuwozFZQeLKkMGS3rIxUU/export?format=pdf
buffered_edge_north_2010_60_m.tif,https://drive.google.com/uc?id=1i32fA3FgBhY2j4bY0s6epC8UtkdU9nsY&export=download
buffered_edge_south_2005_60_m_buffer.tif,https://drive.google.com/uc?id=156a2ftZIKkpgAu7u6GKb_sTGnaCZbyL9&export=download
buffered_edge_south_2010_60_m_buffer.tif,https://drive.google.com/uc?id=1laKFoRcvh9LvC8aGPY9Oh01N65BBOwNY&export=download
buffered_edge_south_2010.tif,https://drive.google.com/uc?id=1RSeml02e4XLIXGaLvUWpTiDdEN3S3Nib&export=download
buffered_edge_2.tif,https://drive.google.com/uc?id=1yIQO0waXc6ZpCvJgeetXUsWiFz8cxWEc&export=download
buffered_edge.tif,https://drive.google.com/uc?id=164aHVU-_XaYIOjRpy6xZ191aAFcjka1R&export=download
buffer_test.tif,https://drive.google.com/uc?id=1fJUrU0uwRGY8XtcsLFz-otyUjZYYoiht&export=download
elk_herds,https://drive.google.com/uc?id=166hNumtnv1pASyMK_Ughv4S1l_5bCwFKH60QPWqJ&export=download
elk_herds,https://drive.google.com/uc?id=1bWUizKQ3r_RNnHYH-y9TUVv8EZrHY1VGt07Tvfrv&export=download
Untitled spreadsheet,https://docs.google.com/document/d/1JECdEpTaSpAyLK8tmfOsYB5im8KFKjA-4U7LM-fil3E/export?format=pdf
Powell_ESA2018_v4.docx,https://docs.google.com/document/d/1rsQP9fmXIaOF6zlWtSnbf18p3W9WWlGA-EFHt7XEIAg/export?format=pdf
Powell_ESA2018_v4.docx,https://drive.google.com/uc?id=0B6h76f2Zop53N3dzTmVIS2ZrM1o1VHhWc3oxUFZZREQ2ZE5z&export=download
sensi_LA_case_1.csv,https://docs.google.com/document/d/1CrbeegLMEUaT_pQxymNIovBLU3TRaN_9SYbKG6NwgAc/export?format=pdf
CE 268 HW 3_combined.docx,https://drive.google.com/uc?id=1pOnhX9D-ov-rG4_0x8OQYrvQXSSAqKWJ&export=download
.Rhistory,https://drive.google.com/uc?id=12v8Lotzjr7H60NVm2Qr6lZ62P1E2oCrO&export=download
elk_collar_data.R,https://drive.google.com/uc?id=1JGJTeWcy1Vlibo7XO4lZEVTbl8hT62Nr&export=download
elk_data.cpg,https://drive.google.com/uc?id=1ZJtQTmFLTzI5yhFirmvdmsgEQNkFQw2R&export=download
Trap Locations,Not applicable
ArcGIS Online story maps Step by Step.docx,https://drive.google.com/uc?id=0B6h76f2Zop53VjBfRl92Y29ZNV9rSFhXLVpWcmRpSVd4MkFV&export=download
courses,https://docs.google.com/document/d/1WEKaA68pQE3CgAcukDW29dET_wffbKWAu2H2RRJ6KZ4/export?format=pdf
greenhouse_data_v1.xlsx,https://docs.google.com/document/d/1Uq_Adw1WmynIv2TMi1fnpUHPj34i8YJGm1DYMfgpuZY/export?format=pdf
greenhouse_data_v1.xlsx,https://drive.google.com/uc?id=0B6h76f2Zop53aXVtRURsZEFKcDVzblhyMFd4cnR0b2d3dnBr&export=download
Ethics midterm study,https://docs.google.com/document/d/1gdDNYp467xecRm9v8W1MNN64ltExRunh3rj-obBfCug/export?format=pdf
pics_test,https://drive.google.com/uc?id=1FjxDJWp1l0Xy1sTlKkiYwqKrChJo_AornFvzfNwP&export=download
points_for_fusion_tables_8_20_2017,https://drive.google.com/uc?id=1G6-jqhiqcqsU3PWSNuVOv3eJYYGDB3udB9iky3L3&export=download
Masters Course of Study Form Revised SP15_AHB_Spring_2017.xlsx,https://docs.google.com/document/d/1xC8ZcjLo7bDBiAkloeN214tSClqWOul5LnJ1bT7xUj4/export?format=pdf
Masters Course of Study Form Revised SP15_AHB_Spring_2017.xlsx,https://drive.google.com/uc?id=0B6h76f2Zop53eDNXNFVfZlB2ZzMxRU1oblE3bjlZcU9fMlRN&export=download
elk_points_trip1_and_2,https://drive.google.com/uc?id=19PYncQmTbyFNJdews7u0k21sknqlrtM1QvuIK5eK&export=download
elk_occurances_spocc,https://drive.google.com/uc?id=1ihr8kwAgdcYoXq3nIGiBTSI7pgBsDkhzJvvfPgfa&export=download
GFI Fellowship Awardees 2017-18,https://docs.google.com/document/d/1Ukvofr1f2oLYqmbMvQWnx2D3Ui1ZcS1RVf4OHHCNG9w/export?format=pdf
Georgiou-model-schematics.pptx,https://docs.google.com/document/d/1EejjZmjRai-QjbbZg8D_xnpMLKS-aTjXSggUl-HZYZo/export?format=pdf
Georgiou-model-schematics.pptx,https://drive.google.com/uc?id=0B6h76f2Zop53RGZ4WnFEWnNCU280S3N6RURfYm5iOC1VZ2Jn&export=download
LiberTees_ad.docx,https://docs.google.com/document/d/1_Z32wqEZtck3XjYY_zOQCbjRfva5JNVHKC5LMBT0d2I/export?format=pdf
LiberTees_ad.docx,https://drive.google.com/uc?id=0B6h76f2Zop53WWZ4aWFJZjh0VzRMVjBPa08zNjlhLWNmb2Jj&export=download
StrageticFallowing_ESPM277_2016.pdf,https://drive.google.com/uc?id=0B6h76f2Zop53M2sxVzV5WWFOVkE&export=download
Untitled form (Responses),https://docs.google.com/document/d/1QHRzd6L7ik_AYko665MHL4h1Ap-YZ_7zCfSySEwVwOQ/export?format=pdf
Untitled form,Not applicable
BNLL_locations,https://drive.google.com/uc?id=1BxsW1_MgZEEDgKjKE3MbsRTfNIO--q_HwWeJb-xE&export=download
Tshirt.pptx,https://docs.google.com/document/d/1782PlOqOaiYEyg5KBYhcRX5Y-d9syLSf03W3X4mUG3c/export?format=pdf
Tshirt.pptx,https://drive.google.com/uc?id=0B6h76f2Zop53eEJsbEh5Y01oaHMyU05lM25NSUJTdVJvTGJn&export=download
ER201_6mintalk_AHB,https://docs.google.com/document/d/1Nsx6S6hSo39VB07rn7vdx344N0aWxrKMaY3ISMLkjBM/export?format=pdf
AHB_fallowing_slides,https://docs.google.com/document/d/1dzErnq3Em4yN3M9YuFHKKsQtdlQ7NUs0xfXv3ExUvFw/export?format=pdf
AHB_output,https://drive.google.com/uc?id=1jKi6FignI2oFNmEPr95YbTzm_UGX6cpkGdDAsJkW&export=download
StratFallow_GISlayers_101116.docx,https://docs.google.com/document/d/19EbvPqnDP2p7izodYug5QGNqcFKxhuO9KyDHlSFzNWw/export?format=pdf
StratFallow_GISlayers_101116.docx,https://drive.google.com/uc?id=0B6h76f2Zop53WEs4amZYSGxidExOaFoxQUJYRjJibW1nWDRV&export=download
AHB_species_output,https://drive.google.com/uc?id=1jdqYS7fdjky_7fAq8TGgKzWGzszgvMbVb9cbn3qc&export=download
remote sensing slides,https://docs.google.com/document/d/1by16nllHPoNa1diJWYEspXsOrcxmS69_w3WttXL7Sj8/export?format=pdf
ER201_6mintalk_AHB,https://docs.google.com/document/d/1h97O_YckYsAI9a0-WUj8RWwIVDPL981ZCm9HwN7G4WY/export?format=pdf
CB_presentation,https://docs.google.com/document/d/1cnvD8RTsIBgQCbQWIkBJexVb8x1G9Lqg9dNaHMoQ9SU/export?format=pdf
Addresses.xls,https://drive.google.com/uc?id=1en63uJ7qMQnfSyGyig2CmwUNNj7xVn1moOtWDTbm&export=download
Addresses.xls,https://drive.google.com/uc?id=0B6h76f2Zop53YzdseWpXM3FTamM&export=download
New Table,Not applicable
Countryside Biogeography_Presentation,https://docs.google.com/document/d/1A0JNkI_JPlOxwxf7OwrTodTuwzP2kF0D1Ba0WCV7zTg/export?format=pdf
to do 9_9_2015.xlsx,https://drive.google.com/uc?id=0B6h76f2Zop53UDM2b21hTEhTeXM&export=download
to do 9_9_2015.lnk,https://drive.google.com/uc?id=0B6h76f2Zop53RnpnNzhWZDBFSFE&export=download
to do 9_7_2015.lnk,https://drive.google.com/uc?id=0B6h76f2Zop53Qi04LWJOd1hteG8&export=download
to do 9_7_2015.xlsx,https://drive.google.com/uc?id=0B6h76f2Zop53V21pZ1RuekY3eHM&export=download
Salt Marsh Veg ID Aid_LMRD_2014 (1).pdf,https://drive.google.com/uc?id=0B6h76f2Zop53S2NxNFBERktPSzQ&export=download
transect_plan_day1.JPG,https://drive.google.com/uc?id=0B6h76f2Zop53dDBvdEJKOEdTRTg&export=download
to do.xlsx,https://drive.google.com/uc?id=0B6h76f2Zop53MGZNeG5jU09ZWnM&export=download
Power of Attorney Doc.pdf,https://drive.google.com/uc?id=0B6h76f2Zop53Um02bDF2dkwzQ2s&export=download
pizzazz_v3.docx,https://drive.google.com/uc?id=0B6h76f2Zop53VFRVLWZ2UTBpeWc&export=download
HuksyB plan.docx,https://drive.google.com/uc?id=0B6h76f2Zop53M2ZsN1F4bHBBdjg&export=download
Adam and Micah Apt Search.lnk,https://drive.google.com/uc?id=0B6h76f2Zop53V2pjVUdKX3J4SG8&export=download
Assis_Curator_Outline for Resume.docx,https://drive.google.com/uc?id=0B6h76f2Zop53M2hJM01OUkUwQ1k&export=download
Assis_Curator_Cover.docx,https://drive.google.com/uc?id=0B6h76f2Zop53S052Ml9JcUNlUXc&export=download
My Saved Places,Not applicable
mileage.xlsx,https://drive.google.com/uc?id=0B6h76f2Zop53VkJlbGlJTGJfVlk&export=download
KMZ_May18.kmz,https://drive.google.com/uc?id=0B6h76f2Zop53S0V6UWw5eHZMVDg&export=download
PKR Units.pdf,https://drive.google.com/uc?id=0B6h76f2Zop53cE03UVBiWG1CVk0&export=download
PKR Bird Points.pdf,https://drive.google.com/uc?id=0B6h76f2Zop53MjVPN2ktNnBJMzA&export=download
SHARP Field Log.docx,https://docs.google.com/document/d/18Yk-rbxv6S5VJLjMoBBVJptZ5rIOgX8kyBoMjZsUb6w/export?format=pdf
SHARP Field Log.docx,https://drive.google.com/uc?id=0B6h76f2Zop53VllNdHVzTWJheG8&export=download
photo.JPG,https://drive.google.com/uc?id=0B6h76f2Zop53VjVkMjVjLWZJamJuLUY3RF95RzBjclJ1bGU4&export=download
Forest Regeneration in Earth System Models: A Review,https://docs.google.com/document/d/1REvOvwjQPJvRfMxtGnzTN_ib-Thpa3eYqAsXSehGOMo/export?format=pdf
GSE_Proposal_Narrative_3_19_2018.docx,https://drive.google.com/uc?id=1CA88ttJshAc-pYuwtgmGC4ulPxR3G_At&export=download
Mentorship_Plan_3_20_2018.docx,https://drive.google.com/uc?id=12aa37Fc8dI1FJPam60EoOvZMscdulei6&export=download
Mentorship_Plan_3_20_2018.docx,https://docs.google.com/document/d/1i2M-dKEEdAXgyCtTBApBV3jxBqS7WMnifaf0Etb7I1w/export?format=pdf
Biosketch_3_20_2018.docx,https://drive.google.com/uc?id=1PouMYkRygbs-LC-cMqu-Lg2XRoDv0N6n&export=download
elk_master_3_2_2018.csv,https://drive.google.com/uc?id=1cyThP38ClYZmXP_76d5pwyjVIM2iylLD&export=download
Ruger_et_al_2009_SupplementaryFigure.pdf,https://drive.google.com/uc?id=1VdaXGaoGLJOk-sBiiXBt8eJkB_HskJYm&export=download
Ruger_et_al_2009_light_and_recruitment.pdf,https://drive.google.com/uc?id=1k6PQ5NS1dlWR_fEORWyPDbxNozLmXFmT&export=download
Kobe_1999.pdf,https://drive.google.com/uc?id=1n4FvHrKUtuSFZg-U_cnPbJoSMbflBfIl&export=download
Session_4_Adam_Hanbury_Brown_2018NGTVAM_PC.pptx,https://drive.google.com/uc?id=1hdHJrSgxaLz3CLU7DI14qsFfA7XoliOx&export=download
Final Report,https://docs.google.com/document/d/1Jg0Y23U_4UqC09dyVa-f0beZM7gLzACppvP6HzEg2pY/export?format=pdf
Greenhouse Material Inputs,https://docs.google.com/document/d/165Lkq0V5YsoaLF8u55EDouuYsE_zCI3w0UobGj7dyfw/export?format=pdf
Greenhouse_presentation_11_30,https://docs.google.com/document/d/1ZoK6jiUrsTObe-Cz57XgDwim2jwAfyjoxTXAgftx5RE/export?format=pdf
Greenhouse outputs summary.docx,https://drive.google.com/uc?id=0B6h76f2Zop53MzRoaDNYV25Od00&export=download
greenhouse_data_v1.xlsx,https://drive.google.com/uc?id=0B6h76f2Zop53MG1RaVBHQnFmd0E&export=download
project_outline.docx,https://docs.google.com/document/d/17gzf18t6wJrIfI7KmWdRKMf8gcbzPGi7I4vnsaQKafU/export?format=pdf
tomato_bookmarks_9_25_17.html,https://drive.google.com/uc?id=0B6h76f2Zop53QTh6UXFWYmZHS0U&export=download
Agenda for meeting next week.xlsx,https://docs.google.com/document/d/1RYlcDkcyZY6gr7niSpOgR9iZuZKXU-NIaR12ZFE83TE/export?format=pdf
AHB_methods.tiff,https://drive.google.com/uc?id=0B6h76f2Zop53dm53SXVYMThBOTA&export=download
06_BNLL_2055_v2.JPG,https://drive.google.com/uc?id=0B6h76f2Zop53UklaeDRkVEs4cVE&export=download
00_climate_v2.tif,https://drive.google.com/uc?id=0B6h76f2Zop53UHJpMHF1TUN4LUE&export=download
03_SJKF_current_conditons.tif,https://drive.google.com/uc?id=0B6h76f2Zop53XzV0VHMzZXp4ZWM&export=download
02_GKR_2055.tif,https://drive.google.com/uc?id=0B6h76f2Zop53Z3NVUUlFWWt5TFk&export=download
01_GKR_current_conditions.tif,https://drive.google.com/uc?id=0B6h76f2Zop53Rkx3SjREN2Y3MHM&export=download
04_SJKF_2055.JPG,https://drive.google.com/uc?id=0B6h76f2Zop53XzZpb0Y3X3NUdlk&export=download
05_BNLL_current_conditions.tif,https://drive.google.com/uc?id=0B6h76f2Zop53OEFqSVJuVUVPS3c&export=download
UC Berkeley Fallowing Project,https://docs.google.com/document/d/1Ev4qB_-t3H0UKs3fkqYRIMS2Ek537K_79FKv0179j54/export?format=pdf
Data and Intro Wish List,https://docs.google.com/document/d/1QmaUdg7FG7EslGeuzQVuug_5Yk-fSUSk1FfhnbJPW7o/export?format=pdf
young_cohort_80pct_light_5_yr_el_ninob_seedling_dynamics.png,https://drive.google.com/uc?id=1PPxPujvmDIlYo8xdmDs2P9LgKmG_wLJh&export=download
young_cohort_80pct_light_5_yr_el_ninoother.png,https://drive.google.com/uc?id=1zYIMWprYKAc2m7Q0ghlJ9q-ASaE07DR2&export=download
young_cohort_80pct_light_5_yr_el_ninoallocation.png,https://drive.google.com/uc?id=1FiFgq_luXzoBu9BSdSikbvqgl-H5w7RW&export=download
young_cohort_2pct_light_5_yrother.png,https://drive.google.com/uc?id=1jH5ui_x5KwHjbk2MbuQV0EkhEMfxBqim&export=download
young_cohort_2pct_light_5_yrallocation.png,https://drive.google.com/uc?id=1fZiS-LsA4PHi5FBwanNyrXq1-sgawImG&export=download
young_cohort_2pct_light_5_yrb_seedling_dynamics.png,https://drive.google.com/uc?id=1PVDz_CJuifOwr_rDgmbP3DMRgN8N9bWj&export=download
mature_cohort_35pct_light_5_yrother.png,https://drive.google.com/uc?id=1twqA31UZ6Xw4ztvRjC_zfkQsrQ3-YxBC&export=download
mature_cohort_35pct_light_5_yrb_seedling_dynamics.png,https://drive.google.com/uc?id=1lhpQ0SB-Fkup6NGaRBx_-w4ddAcDn4fm&export=download
mature_cohort_35pct_light_5_yrallocation.png,https://drive.google.com/uc?id=1Euhm9Zdpe2LCP4eN9kh1LLS_rXY_Eigf&export=download
mature_cohort_50pct_light_5_yrb_seedling_dynamics.png,https://drive.google.com/uc?id=1I-lOVuRHDJYbf41vURVyC-tyhQqa-mKU&export=download
mature_cohort_50pct_light_5_yrother.png,https://drive.google.com/uc?id=1LEha_OJHUW3U1D1PDGM_1i8hTSTKNgeO&export=download
mature_cohort_50pct_light_5_yrallocation.png,https://drive.google.com/uc?id=1WTEmnti01fn-7p7PGub6qwiFUNJcB5ui&export=download
mature_cohort_2pct_light_5_yrb_seedling_dynamics.png,https://drive.google.com/uc?id=1gNHMG-8mum3aTX5xkw0_mKnImnuWaEuL&export=download
mature_cohort_2pct_light_5_yrother.png,https://drive.google.com/uc?id=113bR3POMDBLpgHnMf5PfbOw36G8GU0ij&export=download
mature_cohort_2pct_light_5_yrallocation.png,https://drive.google.com/uc?id=1XyBvJabzIaC0QxTykt_Qwza4RYMBXf9h&export=download
mature_cohort_50pct_light_5_yr_el_ninob_seedling_dynamics.png,https://drive.google.com/uc?id=1lbQY7ZY8LKQEB5RLx1If_JzlF3ARONcx&export=download
mature_cohort_50pct_light_5_yr_el_ninoother.png,https://drive.google.com/uc?id=1MwzFUM9L16XhVNmkkQP5SvFMgtU9dzht&export=download
mature_cohort_50pct_light_5_yr_el_ninoallocation.png,https://drive.google.com/uc?id=1JmqVF9Ir5178cbW0nsnVlGzHWSZXMW9v&export=download
mature_cohort_3pct_light_5_yr_el_ninob_seedling_dynamics.png,https://drive.google.com/uc?id=1aHiTTUnaCp1AbL5R755t8qc-jKh4XT0Y&export=download
mature_cohort_3pct_light_5_yr_el_ninoother.png,https://drive.google.com/uc?id=1iSarqacDMqvhpw1EJbVNANn7lFsbEMXy&export=download
mature_cohort_3pct_light_5_yr_el_ninoallocation.png,https://drive.google.com/uc?id=1UwS5nm4xYXfX9SSjdpdpoxeNEoYfyOUJ&export=download
Direct_Links,https://docs.google.com/document/d/1paVbhCGBi_FSoZPYUFCKvVsvYJpCq1_kgBVXOYinqc8/export?format=pdf
track_to_geocode.jpg,https://drive.google.com/uc?id=1kSCJtmpbBo7z7Lu34_ZJBaemb-1uD_on&export=download
gordon_pano.jpg,https://drive.google.com/uc?id=1TbE0eTJT0lvuGSvyDfznYvNHmh25jQ77&export=download
072_1.JPG,https://drive.google.com/uc?id=1ZdzYcqAyjr2KfEerUzGWHquiCGIR9RT3&export=download
056_mountain_lion.jpg,https://drive.google.com/uc?id=1Fw3Tc5xNtLWKfJJGny4ufWVhV940bCuv&export=download
056_elk_bedded_down.JPG,https://drive.google.com/uc?id=13JeZ8yNCnQrfKiyg823MnaDVS4cd2KSB&export=download
055_herd_walking_away.JPG,https://drive.google.com/uc?id=1lA6pJb2ts3wd7cWTnY0VPApN-HMZNmMs&export=download
054_herd_foraging.JPG,https://drive.google.com/uc?id=1ycrrS7-rDLEdfjHPrPzBa2sjAI1xator&export=download
053_unk_plant_2.jpg,https://drive.google.com/uc?id=1tjkkXVbDb0fFxjgMcbhqGjgQt73pyAJh&export=download
053_track.jpg,https://drive.google.com/uc?id=1m39CN-OEB2B4Rec-_bw_8Ode1iRtvFk_&export=download
053_shrub_willow.jpg,https://drive.google.com/uc?id=1igsxVB39vNw3iuhtZJg_NGdRm_TvXi2h&export=download
053_plant_with_purple_fruit_structure.jpg,https://drive.google.com/uc?id=1kb3rdwI7f9MbEszcgR_DqewJVFDBYJO-&export=download
053_manzanita_terminals_browsed.jpg,https://drive.google.com/uc?id=1kQWtV7K-1wC7NrFwrwV48UPAME-rncvd&export=download
053_huckleberry_like.jpg,https://drive.google.com/uc?id=13jpakrPCnxpjqMphgQ_IoaAUla-W4au1&export=download
053_grass1.jpg,https://drive.google.com/uc?id=1OhmA_RADWWmYa370APWgaSDxVwO7AreM&export=download
053_cow.JPG,https://drive.google.com/uc?id=1gXx4fVS9aUyyKoenqJjuvjCgXiPC_Vf6&export=download
053_bull_with_antlers_removed.jpg,https://drive.google.com/uc?id=1_949PfQVUeo32SPP6q_fvjmtCKlHc_-f&export=download
053_browse.jpg,https://drive.google.com/uc?id=112vF-Rg5N-abcbCtq6mYtvncvHBPrY_P&export=download
053_bed_in_grass.jpg,https://drive.google.com/uc?id=1zebm4N1lWH-8SNuNvhaY67UIMpxzf-Cf&export=download
053_5_mins_after_browse_test.jpg,https://drive.google.com/uc?id=1A1swFmWxhU3C6AvRfGzxPH4Uk8jDI9AX&export=download
053_1.JPG,https://drive.google.com/uc?id=1CRWupvp8UDRpgIkSt8cM7x5vFO0nUO1g&export=download
052_urine_stain.jpg,https://drive.google.com/uc?id=1J6HeIhc5hqqHSZrG83T5LokhbjI-k8rI&export=download
052_fur_texture_enhanced.jpg,https://drive.google.com/uc?id=1wV3eltNnoqhvKIsWht8l4TaaUzBb_Bvi&export=download
052_fur_texture_3.jpg,https://drive.google.com/uc?id=1nsLHKNwnJoCXjMVqZLHcQdBUdKFEo6zu&export=download
052_fur_texture.jpg,https://drive.google.com/uc?id=14QYOLhZVAWBandYk5lLwaJ_sf99igsxx&export=download
052_bed_with_front_track.jpg,https://drive.google.com/uc?id=1i9CqEzlQXUtARqEg7stlVqbeOTRhJjAZ&export=download
052_bed_track_urine_stain.jpg,https://drive.google.com/uc?id=10kE0spwoksgSuRIbeyD9FXlXGtGvyHly&export=download
051_3_browsed.jpg,https://drive.google.com/uc?id=1oUKoyjDrSIpW0haua_w2hfng87Pn87df&export=download
051_1.jpg,https://drive.google.com/uc?id=1bq2Yu8g0yKqnYpK8bO--O36PzpvXoaU8&export=download
050_scat.jpg,https://drive.google.com/uc?id=1lpma9hrc6x5HTMdJEYbALqQ-Ol_lMo4M&export=download
050_1.jpg,https://drive.google.com/uc?id=11dFVTC7dVk8dyXBEYqAKe5eWS8HlljHZ&export=download
048_scat_with_beetles.jpg,https://drive.google.com/uc?id=1EpuU8GcHuCTWd0PlJ40tfwI7E5Hgis60&export=download
046_fresh_scat.jpg,https://drive.google.com/uc?id=1WWKfz-AR85k0uPdfjClqvDQACzFMeZnJ&export=download
038_panoramic.jpg,https://drive.google.com/uc?id=1RdXdZsRPPobixrq5AN3GaH1FhwF58Eg1&export=download
038_McCash_Ridge.jpg,https://drive.google.com/uc?id=1lBl1wPr6DfRmxsSY3es61qR7EaloLvAr&export=download
013_1.jpg,https://drive.google.com/uc?id=1xyVwRdZ3k5iTD0-olR9i-lNxxBZULKPC&export=download
051_2.jpg,https://drive.google.com/uc?id=132WXAZZ6MeJgiE97eNi64CKX7mHaVtkW&export=download
ukonom_lake.jpg,https://drive.google.com/uc?id=1sxtXpXJA-1FZLAaU4vw8YTFG0AexFiz7&export=download
flower_head_grass1.jpg,https://drive.google.com/uc?id=1pW92joetULyW8L5YJdTV7I3_MvBuTrcq&export=download
053_5_mins_of_browse.jpg,https://drive.google.com/uc?id=1EPiSr1_I3kKuuo2kNwu63NiOi0TEeN5D&export=download
bald_eagle.jpg,https://drive.google.com/uc?id=11cmeDkNb9Fjsg1cPKKlGeGPvWsGDmZCk&export=download
089_1 (1).JPG,https://drive.google.com/uc?id=1cR54vGNkPE-4cPBMFuSUG6Ud5usQJ206&export=download
unk (2).JPG,https://drive.google.com/uc?id=1lNNMfI4kNWgWDDf9mlyhbn84NVkFUCC2&export=download
unk (1).JPG,https://drive.google.com/uc?id=1YCHP32ATM9rxqfRWKPuRW-_ThadeLoul&export=download
scenic (11).JPG,https://drive.google.com/uc?id=1GSci8aCscfN_Q245XQdojAItybfVbX05&export=download
scenic (10).JPG,https://drive.google.com/uc?id=1qRkV62fRlF35XSZ1gySZXZkfoq5Z_yan&export=download
scenic (9).JPG,https://drive.google.com/uc?id=1-68VrVuQdMLnIf6HA5D1m1JQ23r_joAA&export=download
scenic (8).JPG,https://drive.google.com/uc?id=105OeykZVfCKg-ecLh7pVyinkXxJLgf7n&export=download
scenic (7).JPG,https://drive.google.com/uc?id=1gXI7isQhOEnFcPLWswQGaFwrQ4sF_Ja1&export=download
scenic (6).JPG,https://drive.google.com/uc?id=1V-5MXPLdVuuIWyUQzaCwPNiOOROypL_N&export=download
scenic (5).JPG,https://drive.google.com/uc?id=1o9c9NtAS4ESlkBmycoxDUxXiX7PxVhnv&export=download
scenic (4).JPG,https://drive.google.com/uc?id=1xNKfcxh3lQqzEl6nM11bCOsxJKi2vaZB&export=download
scenic (2).JPG,https://drive.google.com/uc?id=1-PoTt9SfjvXTVnPgii_J7n0AX4kRUSdt&export=download
scenic (1).JPG,https://drive.google.com/uc?id=1Qgct8gCDL1ViZ2nt7R3qe7zHHXWzH9PF&export=download
IMG_4450.JPG,https://drive.google.com/uc?id=13mAoqmcHzQiZ4r2YzyVTu5rF5eHdQsvx&export=download
IMG_4449.JPG,https://drive.google.com/uc?id=1HtwBZEnsMLVW7n-RidrJSPbsHKNC7VUK&export=download
IMG_4448.JPG,https://drive.google.com/uc?id=1E-mDQklYALrEOvoV6bviGZjvt9gJlsEb&export=download
IMG_4426.JPG,https://drive.google.com/uc?id=15hPj3UQom5YUD-VlAcF9oZcwt5LISBwU&export=download
IMG_4416.JPG,https://drive.google.com/uc?id=15rE0QiQYSToWdyfZ63rJl_fT7-me6N5Y&export=download
IMG_4415.JPG,https://drive.google.com/uc?id=1E33VtJAESyQZ9hxIBAF2KGUoecgAWNQz&export=download
IMG_4414.JPG,https://drive.google.com/uc?id=1w4D5eg-dfzDmdFbLheHwdX-8l3MG3NGB&export=download
IMG_4390.JPG,https://drive.google.com/uc?id=1Mxi4lR_kcHMhqlbb_-5esaVT4GjWo2-b&export=download
IMG_4374.JPG,https://drive.google.com/uc?id=1tpHrneJQRIDeOjyOMgI5TGJjAFe2J3d4&export=download
IMG_4368.JPG,https://drive.google.com/uc?id=1yoH6Yt6HHZGByN6jklSnBSXWXFMrYNET&export=download
IMG_4367.JPG,https://drive.google.com/uc?id=1vaQ6U6HM_gkP6qQCObVPsipmWbjRCgfB&export=download
IMG_4366.JPG,https://drive.google.com/uc?id=1xmGishHo0eYIqmG9_oiDdovqYnoiXShA&export=download
IMG_4365.JPG,https://drive.google.com/uc?id=10h-irtgrqsw_9js_u1Tt2cxOa87rG9-v&export=download
IMG_4364.JPG,https://drive.google.com/uc?id=105igGEwcn64ho59vJPl4cY_NnUXgpqMC&export=download
IMG_4363.JPG,https://drive.google.com/uc?id=12L6wtdaGRoof4yOV_F436C9Tbc3D0mVX&export=download
IMG_4362.JPG,https://drive.google.com/uc?id=1-4qhYcFTtPK6oPmCe2lgfrUY0Lbi3lVt&export=download
IMG_4360.JPG,https://drive.google.com/uc?id=1xWuPozPG-TDK_ST3r3ObtOf53zLiL5Ie&export=download
IMG_4353.JPG,https://drive.google.com/uc?id=1Kgd76k9mca15PRFQCBgcr6jfjiGJ5o8p&export=download
IMG_4352.JPG,https://drive.google.com/uc?id=1DhXcehZPo53jhkIhAomoQrTT9IiSspEe&export=download
IMG_4349.JPG,https://drive.google.com/uc?id=1_F53gjz_hg_zYuJjAkgqyEYrdHfKxrv1&export=download
IMG_4346.JPG,https://drive.google.com/uc?id=1Z0eULfmKW4d7TMkMQWexRQtsXoL88l5w&export=download
IMG_4341.JPG,https://drive.google.com/uc?id=17HQMoiwTpyH42CKmFW-pSwWGJDWNDhUL&export=download
IMG_4340.JPG,https://drive.google.com/uc?id=1WzIi340Yq0PjNUPTjvyqnCj82zo-SVYm&export=download
IMG_4339.JPG,https://drive.google.com/uc?id=1yPrGfjZami0Ra6f2SChNeL5V4ZYmC7GN&export=download
grouse_ (4).JPG,https://drive.google.com/uc?id=11_oZHEQwp37wu4O-uoapJ1g9XsWCGjdC&export=download
grouse_ (3).JPG,https://drive.google.com/uc?id=1TtWc8b0NC9TQ4x0LoaMPSg4Ii89Pi1L8&export=download
grouse_ (2).JPG,https://drive.google.com/uc?id=156URK0mYBOT1Mhh_JBDwot73UkuPrM4z&export=download
grouse_ (1).JPG,https://drive.google.com/uc?id=17ldqq36fRiqPbNrj5dShlQnURUfdgipC&export=download
bobcat_by_Klamath_river (2).JPG,https://drive.google.com/uc?id=1FkuvHe9qYvrSwSqfiQyFff8TX9rdnV2N&export=download
bobcat_by_Klamath_river (1).JPG,https://drive.google.com/uc?id=1yC1lMFTb4AmszL9dI5btiZgTR-a6iJjF&export=download
bear_coyote_tracks (9).JPG,https://drive.google.com/uc?id=10W-9swLBH9YPedi-v2CsjX3KBcG_T7om&export=download
bear_coyote_tracks (8).JPG,https://drive.google.com/uc?id=17fN9ccya3CxdbhQtGWclb77-9-EqKe9Y&export=download
bear_coyote_tracks (7).JPG,https://drive.google.com/uc?id=1Uy6GNu86V0DS3zm2bcHI80h7gZfPnc5a&export=download
bear_coyote_tracks (6).JPG,https://drive.google.com/uc?id=1CZ58_rP_ypU-XiV0TktoJ7ivE67W6Z0b&export=download
bear_coyote_tracks (5).JPG,https://drive.google.com/uc?id=1eFLhGhf6SyyQzTa9aYHTvB72il3aWHh3&export=download
bear_coyote_tracks (4).JPG,https://drive.google.com/uc?id=1f0xjFTHBLj0zQUarxA4TgWEEouxCf2OU&export=download
bear_coyote_tracks (3).JPG,https://drive.google.com/uc?id=1geL6Z9MpQ9orLug7CiiVF6WD9S40v71M&export=download
bear_coyote_tracks (2).JPG,https://drive.google.com/uc?id=1dLztmlpKqtqVFxoivawIlEhT-XuewjT8&export=download
bear_coyote_tracks (1).JPG,https://drive.google.com/uc?id=1kfKskZ3MyRWuVZskNfcXIsbe9iW7u9eB&export=download
125_1_ash (3).JPG,https://drive.google.com/uc?id=13wFznaogFGlRadadDbRaQFuo-DrlBrTp&export=download
125_1_ash (2).JPG,https://drive.google.com/uc?id=1raZSBFIB8NtUTIG_-a_K0lOjc73LJ9_s&export=download
125_1_ash (1).JPG,https://drive.google.com/uc?id=1IqX-sb_0zUTc5h0sKSrAftfumEyc4ygo&export=download
122_potential_bed (3).JPG,https://drive.google.com/uc?id=1ca6KjrqD-MpLA4V13oZ6CkjJiYWbOwWb&export=download
122_potential_bed (2).JPG,https://drive.google.com/uc?id=1eHwCbYquW-iTkX8P3LnHPEJMUcLGFn7K&export=download
122_potential_bed (1).JPG,https://drive.google.com/uc?id=1Tb2ONzjxnioxuibgYX7bSafNPzjQg-mL&export=download
121_1 (6).JPG,https://drive.google.com/uc?id=1jenQ1N4FZiq_2gU1NvgJ0mUaTdATiszc&export=download
121_1 (5).JPG,https://drive.google.com/uc?id=1RVl4FrOqdQ6MIXhoUInRO5yZ0S3IDJJt&export=download
121_1 (4).JPG,https://drive.google.com/uc?id=1eIUpT-AmoZ_u3y7aCNc4HC6EySiH2mTn&export=download
121_1 (3).JPG,https://drive.google.com/uc?id=1SGAeDWLQdA8XnmfCj5NXDZYsE6qdom-R&export=download
121_1 (2).JPG,https://drive.google.com/uc?id=1Hhu2EPxSab_l2X-b3gslHD4kdbAfSY4-&export=download
121_1 (1).JPG,https://drive.google.com/uc?id=12vBWRH-Zg0P1pSDLZS1q30dbPzeySm7a&export=download
119_1 (4).JPG,https://drive.google.com/uc?id=1TN28pivd0Q2IcLa1Sztl2OLR1sjTnJWQ&export=download
119_1 (3).JPG,https://drive.google.com/uc?id=1oIw3XNvwDVAOURjPQRT5dtmI30R3xLob&export=download
119_1 (2).JPG,https://drive.google.com/uc?id=1p1br5tZFhHYbf2RGfvduiRWt9fGJDblf&export=download
119_1 (1).JPG,https://drive.google.com/uc?id=1i21QFayAmjfvC1JkjgNwV-6aLekvG-0J&export=download
117_1 (5).JPG,https://drive.google.com/uc?id=1B_3Ei3nedx-lkAFNWydhUD1AsFVnT9A-&export=download
117_1 (4).JPG,https://drive.google.com/uc?id=1fH_MYuA97ce-sj4mxOUQrwSERxayLhng&export=download
117_1 (3).JPG,https://drive.google.com/uc?id=1ytNs1rWuIxLKzWuqIuMEui5huNykzjOv&export=download
117_1 (2).JPG,https://drive.google.com/uc?id=1BGkU0Lni15kWwpqg1kODSP2XtFJypWf1&export=download
117_1 (1).JPG,https://drive.google.com/uc?id=1WuL6dnJNvwcxE6EZkpnrmM3fSaOjpXZw&export=download
116_1 (8).JPG,https://drive.google.com/uc?id=1ObzVzIlhfgiLwRBkXfxjautZyI-SqPzX&export=download
116_1 (7).JPG,https://drive.google.com/uc?id=1gA2b0FMmUs90HrJRfH2oifn1PWUSSdf0&export=download
116_1 (6).JPG,https://drive.google.com/uc?id=1SzfH6fXl7rbJcdH7s5OuZnqhtu99Z9Nx&export=download
116_1 (5).JPG,https://drive.google.com/uc?id=1aOlmYLLwHvQwjVOLJ01wBH3eYK-bArwJ&export=download
116_1 (4).JPG,https://drive.google.com/uc?id=1H_V-TDKqBrULiqMNZrqU1RuGs-nU3H_t&export=download
116_1 (3).JPG,https://drive.google.com/uc?id=1SMWCh97TNep5IznEpTNWa2bIpVRd-5MR&export=download
116_1 (2).JPG,https://drive.google.com/uc?id=1a4W4S6Nf-g8dJqS8nY9XDWBTfHZgC6Pu&export=download
116_1 (1).JPG,https://drive.google.com/uc?id=1GwYVDzI2tZK91WRbur6bs6rRc5RHHDOa&export=download
113_1 (3).JPG,https://drive.google.com/uc?id=1vE7Sn2wgJUC-yyK9V-UX-WHNVPNGbMea&export=download
113_1 (2).JPG,https://drive.google.com/uc?id=1DyDjrhqGmrS8b44iHFqO9W9dhuCva63V&export=download
113_1 (1).JPG,https://drive.google.com/uc?id=1L8MJzGJjCDpcAz9UlJdwDtNmAnPSBAz_&export=download
112_1 (7).JPG,https://drive.google.com/uc?id=1bgbv1lWZrzWZljKHY6fn7RLe4Sf8slXJ&export=download
112_1 (6).JPG,https://drive.google.com/uc?id=1dm07WuvlNf96tQN00g55iJWGHw3aEr78&export=download
112_1 (5).JPG,https://drive.google.com/uc?id=1ksJeZNNV5q9GiK2nWZerEnrdcGbHRtUC&export=download
112_1 (4).JPG,https://drive.google.com/uc?id=1VbVm4ZnqvdOnfQR620SzfFo6O9XBlN2f&export=download
112_1 (3).JPG,https://drive.google.com/uc?id=1iGacHiIS2JTL43E_b2KGenZHyXWivnYB&export=download
112_1 (2).JPG,https://drive.google.com/uc?id=1k9HNkg6K4rn6lV_2qkREMFlcJ8JdnR_z&export=download
112_1 (1).JPG,https://drive.google.com/uc?id=13arzQDsyIg2qU2BbqNJRBTghKr5Pb-sE&export=download
110_1.JPG,https://drive.google.com/uc?id=1vGOjmydWqiLSFH6KOZYLey_wARRP6LOV&export=download
110_1 (13).JPG,https://drive.google.com/uc?id=11p-3M0AIRhUTNtLlSH733l6hp1Upi6E4&export=download
110_1 (12).JPG,https://drive.google.com/uc?id=1joo5_PAc3xqFCb8IbwAJPhqRxmd96sO8&export=download
110_1 (11).JPG,https://drive.google.com/uc?id=1Ig2na4kScogW4yUjLAQm-GX1B1bkwBaL&export=download
110_1 (10).JPG,https://drive.google.com/uc?id=11sXsyYXVDRKkkxtCjRiVXrnydWVXCm5U&export=download
110_1 (9).JPG,https://drive.google.com/uc?id=1ksqN53MVI30G8haOWnAKEaAsJj8M4GM_&export=download
110_1 (8).JPG,https://drive.google.com/uc?id=1Z26AhW-Kor-JUd9eJmgen-_7-hWfxYgk&export=download
110_1 (7).JPG,https://drive.google.com/uc?id=1Ym7gm8WFjnPa7b_Cd1dHszqsnpHYCfzM&export=download
110_1 (6).JPG,https://drive.google.com/uc?id=1Vl69bYxs6pORPi2Lm0HomFLDam6ZpzWX&export=download
110_1 (5).JPG,https://drive.google.com/uc?id=1-fzY8ksIJyI2SxprL07ATTJ06ln2PWws&export=download
110_1 (4).JPG,https://drive.google.com/uc?id=1-d9wcKSLOAwKN5HQHqLnwh7Hyu9I9eBl&export=download
110_1 (3).JPG,https://drive.google.com/uc?id=13XxDoDLLDFtyBLKGwMPp12kK_WDmSwBz&export=download
110_1 (2).JPG,https://drive.google.com/uc?id=1YUojtZAqtAWt6ssTOQFLb_r7I3e5Dt4m&export=download
110_1 (1).JPG,https://drive.google.com/uc?id=1gtJnhrMJy3S2EvxZuFh0mYz7F_T3XuYn&export=download
106_1 (2).JPG,https://drive.google.com/uc?id=16s6dd61bH4Caw7PmwPt6Ajd9fcJpS9uY&export=download
106_1 (1).JPG,https://drive.google.com/uc?id=1BIfLtc_fK75L7nYGDiAVHqgEZFD2i7fy&export=download
103_2.JPG,https://drive.google.com/uc?id=1CIOmGx55OsUdOu7KlprC7QbKgK8yWOuT&export=download
103_1.JPG,https://drive.google.com/uc?id=1lDIejBdJnBXKAux_WilRFza2VJ-tp-Ne&export=download
102_1 (4).JPG,https://drive.google.com/uc?id=1hzOPOqkycAJWw2ur0JPLaRekZOVMSkzB&export=download
102_1 (3).JPG,https://drive.google.com/uc?id=1Enr_6PtiqxR-jTL8LORRrixzAxmiYX2L&export=download
102_1 (2).JPG,https://drive.google.com/uc?id=1d4O2IW8HuQ07xkrsNehVxxxd0VPURhLG&export=download
102_1 (1).JPG,https://drive.google.com/uc?id=1SIoDFpLpxxvuNAHPY9fDmy9jTbDaE1KW&export=download
101_1_real.JPG,https://drive.google.com/uc?id=1ydHmoJE8ZJ5nf65lu_v7S9fuO-VNR4Md&export=download
100_1 (4).JPG,https://drive.google.com/uc?id=1wMu2axNBCc9RsrQ-S5zyoMH_Tdj-8Q5h&export=download
100_1 (3).JPG,https://drive.google.com/uc?id=1dHVJhCOGMzlzRY_lcNNxawZf4O3MVYnp&export=download
100_1 (2).JPG,https://drive.google.com/uc?id=1Ar486FykxzjWTtHmlE3GIXxtmJrQEwET&export=download
100_1 (1).JPG,https://drive.google.com/uc?id=1zMmivdqB9hJU-0QIVCIOUS-L-iLlhCaX&export=download
099_1 (9).JPG,https://drive.google.com/uc?id=1RQajat-Cy8stOJYIz7ql7pHtCp3HlW-S&export=download
099_1 (8).JPG,https://drive.google.com/uc?id=1QeGpcAjmGzUiS608IhpXRHKI1Xhl9YOC&export=download
099_1 (7).JPG,https://drive.google.com/uc?id=1Q3-kve0-w0K_-9m1UW84L97nkRc99ZXC&export=download
099_1 (5).JPG,https://drive.google.com/uc?id=1BhdxVgKp5jXmFmnhyz6PAqacS1cFHVCZ&export=download
099_1 (4).JPG,https://drive.google.com/uc?id=1D_xIQd_XsGf-fKptKNpbcmWjHkKNmxtZ&export=download
099_1 (3).JPG,https://drive.google.com/uc?id=19_9Rbp7aWz-UVuxwFLYEhXZ9pwYptkks&export=download
099_1 (2).JPG,https://drive.google.com/uc?id=1_V9G8KdoXhxtdtqIpmjBGlM0UWHx-lyS&export=download
099_1 (1).JPG,https://drive.google.com/uc?id=18VcTvtD_LRzU5IQwaj9vNQOXL-Ps04AI&export=download
098_1 (6).JPG,https://drive.google.com/uc?id=1m3pJKKAh4E1IUij5VAOvMd6rIhV86x7O&export=download
098_1 (5).JPG,https://drive.google.com/uc?id=1rthEC-Kr6RmjB9a6QpbhkhClxjZEDZEs&export=download
098_1 (4).JPG,https://drive.google.com/uc?id=1FclahwYr6rQ0tUinMUHohJlxDf6hnQJS&export=download
098_1 (3).JPG,https://drive.google.com/uc?id=1CQeO4r7vayzSzENE-W5ePHcPLsurGBIJ&export=download
098_1 (2).JPG,https://drive.google.com/uc?id=1YWDJ1EsDVc1dLmLM8tIwVmZ7sVE1HrGc&export=download
098_1 (1).JPG,https://drive.google.com/uc?id=1W366PIQTHozlvdKxT1lWrIhML6wEkbNt&export=download
097_1 (22).JPG,https://drive.google.com/uc?id=1oE5262dQMKr5B6UUwkWy4Aa6cuvONhGh&export=download
097_1 (21).JPG,https://drive.google.com/uc?id=1O4EeBTMrGVoNf8oFDIJD4DczaBzfpIOL&export=download
097_1 (20).JPG,https://drive.google.com/uc?id=1bZoe6wKz9eu7i-pl0H94bIK9SRU9Pr-F&export=download
097_1 (19).JPG,https://drive.google.com/uc?id=1DhgqPU2I5IgAOngHa1ph5y3L8yrFzk47&export=download
097_1 (18).JPG,https://drive.google.com/uc?id=1DUd5AJ5oiRG97Sxg-8D5BiZfYLmDBQkh&export=download
097_1 (17).JPG,https://drive.google.com/uc?id=1PH3vTpOidh2rzRBmpDuJhRoyuHN3JjzM&export=download
097_1 (16).JPG,https://drive.google.com/uc?id=1G0JIWn7O_c683pNIguu7wJmfOkzebLbY&export=download
097_1 (15).JPG,https://drive.google.com/uc?id=1vP-S8SZo3_O8SVrOOLN4Qf0zFBkAIy2M&export=download
097_1 (14).JPG,https://drive.google.com/uc?id=1-cNyOEQKBW8x2EGhbESqpdFU5Zwve2b-&export=download
097_1 (13).JPG,https://drive.google.com/uc?id=1BPJOMPhm-p_847mGKeslWPXgcLRzDg69&export=download
097_1 (12).JPG,https://drive.google.com/uc?id=18mBP38y3ZCYq5dXsChXjDEwj2gJK1zjX&export=download
097_1 (11).JPG,https://drive.google.com/uc?id=1tFnQaWHnRRRBIpuIhq3h3zAkY2LU60WX&export=download
097_1 (10).JPG,https://drive.google.com/uc?id=1rdWFonQFQuHMraEQJIjFkmvf3F5AIeyp&export=download
097_1 (9).JPG,https://drive.google.com/uc?id=1MxlJOAkWS2fV_MkMedy58fD-mqMy4dIX&export=download
097_1 (8).JPG,https://drive.google.com/uc?id=1QaQb4GVv_qroEENWF7C5RXhm_GZK7KPO&export=download
097_1 (7).JPG,https://drive.google.com/uc?id=1JSJNGukcoVSsEo0QwoYy2ljCGVbr7Y4H&export=download
097_1 (6).JPG,https://drive.google.com/uc?id=1410c97WW612tOZbiFHi0aJN7wn0QC1m2&export=download
097_1 (5).JPG,https://drive.google.com/uc?id=1HNntEn6C0vDluhUcHkyl_bX7aNwoOSAW&export=download
097_1 (4).JPG,https://drive.google.com/uc?id=1luIKgXyBWxxd06wZwt3wi2JqsCrnEtAF&export=download
097_1 (3).JPG,https://drive.google.com/uc?id=1oQ8au1mar0J5CkdEfushKeVopdBfRE0e&export=download
097_1 (2).JPG,https://drive.google.com/uc?id=1yzyQMqiVs2A9O31-bEkETwzQdodS12Ht&export=download
097_1 (1).JPG,https://drive.google.com/uc?id=1z_VNRgW1wtif8lCBHsub4aeP0P4_oFVp&export=download
096_1 (3).JPG,https://drive.google.com/uc?id=1VXGgcg_cgvs5K3C4eoKE4k602kmTgNDm&export=download
096_1 (2).JPG,https://drive.google.com/uc?id=1VFzm8ARcXGRqfeXCWTaXquECoYTwxCKc&export=download
096_1 (1).JPG,https://drive.google.com/uc?id=1ZiMeP1H5o6fBp1fj8tdyBgQ1VA2BELlm&export=download
095_1 (8).JPG,https://drive.google.com/uc?id=12-IoRPzyCIpmd8W9uiNZPdeX0sblXmqD&export=download
095_1 (7).JPG,https://drive.google.com/uc?id=1yUfkTKuYtkwVKspZXYJCqLzJ21C5pTqx&export=download
095_1 (6).JPG,https://drive.google.com/uc?id=1KxSioj3ZWVHeLrVUG-4zVMN_ItlwgD7K&export=download
095_1 (5).JPG,https://drive.google.com/uc?id=1vvToUoT4q2Nj9KhHKPcLqS-LTJd5Q8uG&export=download
095_1 (4).JPG,https://drive.google.com/uc?id=1dWqoCDK_MCrgSdub9Tx2ayHxdCLWhw3G&export=download
095_1 (3).JPG,https://drive.google.com/uc?id=1i7Hnr8BGN4bRHsS2-FwYLqK8jSoaD7CD&export=download
095_1 (2).JPG,https://drive.google.com/uc?id=13v-TOVDGcyBI-MWL0ai8Mn9wWEtB6DNy&export=download
095_1 (1).JPG,https://drive.google.com/uc?id=1Kc7ok3oXCp6e2BSQFpVcOEs2hMlrfSWR&export=download
093_1 (10).JPG,https://drive.google.com/uc?id=1qlXgP_2rcbzSQIVPs-cXpLBfoeQ7ySUs&export=download
093_1 (9).JPG,https://drive.google.com/uc?id=1Mzx50fWwVUMfKCYElQlF7aew8E-Er9Jf&export=download
093_1 (7).JPG,https://drive.google.com/uc?id=1nXtofUegp9i0kfpPsIx11S23fe8z73Ad&export=download
093_1 (6).JPG,https://drive.google.com/uc?id=1Zs3FHa0W1k2F7Mj_iD9wuCZTumKcPUsG&export=download
093_1 (5).JPG,https://drive.google.com/uc?id=19IYorWqSwSWvvUBz3CGaoajAMsF69Xw7&export=download
093_1 (4).JPG,https://drive.google.com/uc?id=1l4tuBVl1LGrvJ2Db4wE5IXjEJmt3l3-N&export=download
093_1 (3).JPG,https://drive.google.com/uc?id=1NN6LxHSXVSLr1C4bKUzN1rvXpy-nCH3g&export=download
093_1 (2).JPG,https://drive.google.com/uc?id=1L3kHRMzARCRgSOpBtzB_ESV4QUk44pit&export=download
093_1 (1).JPG,https://drive.google.com/uc?id=1_r7dkDRdZrfMLEC8ig_gFJVuDvERbCRi&export=download
092_1 (3).JPG,https://drive.google.com/uc?id=1DQ_xZa0_EhVAgN9zs6e00saODgm-U69W&export=download
092_1 (2).JPG,https://drive.google.com/uc?id=1sYaRLluf6D8ecnqYxnP2vsM0X6aeXQKl&export=download
092_1 (1).JPG,https://drive.google.com/uc?id=1BZ8poDdF_qrsriqqATLMXWpKu0rEKI5T&export=download
091_1 (33).JPG,https://drive.google.com/uc?id=1q_p-n7YhlGw6e8dRxTU3bwUflIUpVp_e&export=download
091_1 (32).JPG,https://drive.google.com/uc?id=1yh3zrqM6NEG0OWpNaNdPrvWd5dTLdulp&export=download
091_1 (31).JPG,https://drive.google.com/uc?id=1HqL919qQX5tRE5joHOPocAUkC4Os6Qc8&export=download
091_1 (30).JPG,https://drive.google.com/uc?id=1LfkpkOEGItL1VS3g_xosFNd2v0OoqkTS&export=download
091_1 (29).JPG,https://drive.google.com/uc?id=1yVR9lOmODLXYgrXbNJxf4xkCSmxgbZjQ&export=download
091_1 (28).JPG,https://drive.google.com/uc?id=1pyFqJPe9TVPfFwGiH30Q4j4Z_A1lY-PR&export=download
091_1 (27).JPG,https://drive.google.com/uc?id=1uUMGKBYdsTPBMYgoKz_ePDDRZjs-rJri&export=download
091_1 (26).JPG,https://drive.google.com/uc?id=1uhuk6QrwtC1PcCGQXLCdimoMSCYD-bIB&export=download
091_1 (25).JPG,https://drive.google.com/uc?id=1f8L4jM6qpb3KBOGEcGyGy985m_cse0Y5&export=download
091_1 (24).JPG,https://drive.google.com/uc?id=1gataQjbW1oqwhkffalOTIeGk9Dk7Xa_B&export=download
091_1 (23).JPG,https://drive.google.com/uc?id=1RTex_t9_nUx_iq9WS5wumyQ0PQ4j4rmw&export=download
091_1 (22).JPG,https://drive.google.com/uc?id=1C_SJlrZpTv4CG9XPIKWFa21vF80osUW8&export=download
091_1 (21).JPG,https://drive.google.com/uc?id=1VOVEsHluv9nISArKXR9_0M3xmRHJ3ZYw&export=download
091_1 (20).JPG,https://drive.google.com/uc?id=1Q5muq-CCn29JUE0xBR09TUqabhkMtp9U&export=download
091_1 (19).JPG,https://drive.google.com/uc?id=1HLWYOq69KaVBGH70G0-QYHec-sx8bl2K&export=download
091_1 (18).JPG,https://drive.google.com/uc?id=1eUPRCIw5A6MsDBzQZrY2KGM0l7x2nW3L&export=download
091_1 (17).JPG,https://drive.google.com/uc?id=17ntml1togMb9Oca4dFSPO_-CpJkEBLe4&export=download
091_1 (16).JPG,https://drive.google.com/uc?id=1pELI_Yb8o6C6rCot0RC9oGLKAFmAm_QN&export=download
091_1 (15).JPG,https://drive.google.com/uc?id=1TuSNp8-o5Bc4tgluSMs2f6X1-pR2UA0A&export=download
091_1 (14).JPG,https://drive.google.com/uc?id=1f4rVOC_4nUSDi8TeK89GHuUSNwtAnDhs&export=download
091_1 (13).JPG,https://drive.google.com/uc?id=1NQbV-Xbhdb6D2tyYHNPmEcZ6wHZ-wIAe&export=download
091_1 (12).JPG,https://drive.google.com/uc?id=1Fz9_gWN0XwTuSHcdf97A9we8oS2KiLo3&export=download
091_1 (11).JPG,https://drive.google.com/uc?id=1N3Rx8rZfeLeay4N555IfG7AHBj3Y3P5f&export=download
091_1 (10).JPG,https://drive.google.com/uc?id=1p2cM0q5BY-Z99ObNrVHLzuK13k28bSrO&export=download
091_1 (9).JPG,https://drive.google.com/uc?id=1Wp0ZTXlfqK9ijUgxJ6Hbr3PelHl7kFr8&export=download
091_1 (8).JPG,https://drive.google.com/uc?id=1dGeyN1MD5ukMNbD3Y9EuflhzgSjdpkqK&export=download
091_1 (7).JPG,https://drive.google.com/uc?id=1rwuiP3Z_MkMiMI2_xm6jG1W7ZGm4SjEO&export=download
091_1 (6).JPG,https://drive.google.com/uc?id=1U_W_M3CjAgYhdWB7Nmxk4mvn0kN4ttX1&export=download
091_1 (5).JPG,https://drive.google.com/uc?id=1s5Yqss9wWO58hQRKwAMITpvwCqtGbPyh&export=download
091_1 (4).JPG,https://drive.google.com/uc?id=1kXmySBYqtJACWkk54Tbb-Ru5Fncf4FZs&export=download
091_1 (3).JPG,https://drive.google.com/uc?id=1JaAXAQhwZIL7Ph7xO_HLuSp2rsX3TjRf&export=download
091_1 (2).JPG,https://drive.google.com/uc?id=162Gbtfv6HTNbJ_1AUHgI6A7VgCU0VakN&export=download
091_1 (1).JPG,https://drive.google.com/uc?id=1sEDvOQ2m8Dx8Zhclr8Im5m-E62MrBUji&export=download
090_1 (3).JPG,https://drive.google.com/uc?id=1q5tnNOuAUk2gHc7TTr4f-VyX96hC7XUY&export=download
090_1 (2).JPG,https://drive.google.com/uc?id=1nO1BFL_T2zMFQC5IV9U31ECzqIVxthwB&export=download
090_1 (1).JPG,https://drive.google.com/uc?id=1URu-LTxxHIu4fqWw8PV60Uamla4jratq&export=download
089_1 (8).JPG,https://drive.google.com/uc?id=1Qpk5-Sh49_pSBqBs0Q1FakeJ8OGXom5F&export=download
089_1 (7).JPG,https://drive.google.com/uc?id=1xhWyMfmiiZzJg3jXiHTwG5pwmXKSOvAo&export=download
089_1 (6).JPG,https://drive.google.com/uc?id=1dayqFR9B8Fy03esgqf0tFC3Zesy5zGEG&export=download
089_1 (5).JPG,https://drive.google.com/uc?id=1UhRzU8yVPrboEt_pqx4gZavtovayKFkN&export=download
089_1 (4).JPG,https://drive.google.com/uc?id=1OlicQKe5NDNgIPRFWCq9NDUY9SpEtagc&export=download
089_1 (3).JPG,https://drive.google.com/uc?id=1jM3d4nkjdTaJSy1o1dqoAopsllN9KKw_&export=download
089_1 (2).JPG,https://drive.google.com/uc?id=1bA1i-RUQlZDX5232TE_LGYTUwxh75fhu&export=download
young_ceon_2.JPG,https://drive.google.com/uc?id=16RZvc6L_fS_YLUbS-0GCGTXDa8bSQRVN&export=download
young_ceon.JPG,https://drive.google.com/uc?id=11d6RNLe7lzNFEPAVYeerFJx83eLcu8UN&export=download
unk_plant.JPG,https://drive.google.com/uc?id=14frbXRBNGbNMbRPtTQnFJ27cybcCCWY6&export=download
unk_piny_ground_cover.JPG,https://drive.google.com/uc?id=10Wa7z3pxA0L7WOL87Ome5B4Ek5sgYCbO&export=download
small_bear.JPG,https://drive.google.com/uc?id=1mnTMtoJZeia-sbs5-u2MC2yB3DGjd7DL&export=download
one_day_old_elk_tracks (5).JPG,https://drive.google.com/uc?id=1cJ3pUVQPWdLHuI_v7bCSWqPjDxY37aBq&export=download
one_day_old_elk_tracks (4).JPG,https://drive.google.com/uc?id=1Nbn0H7IGoEHr_1dN1LGhlfUSxe5YrTsw&export=download
one_day_old_elk_tracks (3).JPG,https://drive.google.com/uc?id=1KA1lQszCY1RLY9AsG1G_zgyIv5yXUO9S&export=download
one_day_old_elk_tracks (2).JPG,https://drive.google.com/uc?id=1RQjPynJJByCZ8GAavRDAbfiw3ES0S0_U&export=download
one_day_old_elk_tracks (1).JPG,https://drive.google.com/uc?id=1evj4RTSKJZU1FBGhArydcy-DDWmQNVDa&export=download
old_tracks_with_little_plants_ in_them.JPG,https://drive.google.com/uc?id=1KoFSWsw0aH2Z5B8y9F9icRJ7lWhF68ts&export=download
more_recent_fire_young_ceon.JPG,https://drive.google.com/uc?id=1yVjKlK7tERgr55k6lnIvrMsJq04TcIH4&export=download
more_recent_burn.JPG,https://drive.google.com/uc?id=1bGDtHupLHhnJgbDH_KKxhRn84ZHDhtPD&export=download
IMG_3132.JPG,https://drive.google.com/uc?id=1B4y8cPqoDq0b3seDPc9gqA7qD3iWM3hw&export=download
IMG_3131.JPG,https://drive.google.com/uc?id=1UAzknZJ2j8Z92zNysZlAfp2Qfc2Tol2F&export=download
IMG_3130.JPG,https://drive.google.com/uc?id=1uRq-BIElb1pNhl_d4UHSc7Y97GBqHqZr&export=download
IMG_3129.JPG,https://drive.google.com/uc?id=1iwgBO4w5joZ4xhwLB-kxRvt6KP7ldvyI&export=download
IMG_3128.JPG,https://drive.google.com/uc?id=1FjGWTP6_dmeLdGF5RLEDLos9VJ26LwJs&export=download
IMG_3127.JPG,https://drive.google.com/uc?id=1MEIE_KtRjcaLRHEdMT4119SKNbua93SJ&export=download
IMG_3126.JPG,https://drive.google.com/uc?id=1ROnDWZOleazUfmv1nrXqSh_7Ob4uZHCA&export=download
IMG_3125.JPG,https://drive.google.com/uc?id=1xfL2_PWitB7CnfvxJtuJ9mG4JzGmEVX3&export=download
IMG_3124.JPG,https://drive.google.com/uc?id=1IWqaG1_w9qlNmBodI5l_TFlwSNDDtuYn&export=download
IMG_3123.JPG,https://drive.google.com/uc?id=1iaMgRKY7RUxEog6-BJg2IzwsbtZB8bxy&export=download
IMG_3122.JPG,https://drive.google.com/uc?id=1gY5QQkxyIHts4SH25pijKEPWc3Pn0HWh&export=download
IMG_3121.JPG,https://drive.google.com/uc?id=1tj8axus3dudcdwfqRGsL5rUC1WYMdTGO&export=download
IMG_3120.JPG,https://drive.google.com/uc?id=1bIbBCac1jvLHd5_kzCj6xNu9xfENzqFL&export=download
IMG_3119.JPG,https://drive.google.com/uc?id=1Q_9mJcgdUKm6a3G-oyt7Z1fqPlPlEiEM&export=download
IMG_3118.JPG,https://drive.google.com/uc?id=175s_3ktM-amUE9OdTErcUbLmAch9hvr1&export=download
IMG_3117.JPG,https://drive.google.com/uc?id=1AFjabCzcxRJDKimB2knbPXb1tPkQOCSR&export=download
IMG_3116.JPG,https://drive.google.com/uc?id=143w6NtaTmgAm0UuoP73LYZrEXFNz38_O&export=download
IMG_3115.JPG,https://drive.google.com/uc?id=1Q5gZoYL_GHzlFK0uZlJQEF4SxjmC5nDh&export=download
IMG_3114.JPG,https://drive.google.com/uc?id=1Zdhgelpinu58mLbUxgInxNlIDZcTzmRz&export=download
IMG_3113.JPG,https://drive.google.com/uc?id=1AnDoRnxno9erd9rHaVc3Xowi13ycE5sC&export=download
IMG_3112.JPG,https://drive.google.com/uc?id=15KANCwZy57lVmNqzTR9DRKfGPoxLB2ph&export=download
IMG_3111.JPG,https://drive.google.com/uc?id=13WbKO8vzsPFGwiJ6Dw-QAVQTSKuWzlj2&export=download
IMG_3110.JPG,https://drive.google.com/uc?id=1ujwVmRTzG6CatwLUlOqDSJBRLA2Xf3CO&export=download
IMG_3109.JPG,https://drive.google.com/uc?id=1PwY9c9lKMpjUt2utKXcDGJ1DS_GOgOQ0&export=download
IMG_3108.JPG,https://drive.google.com/uc?id=1TfnNBgKzneLZAJins88bbgDv6mg_ALEF&export=download
IMG_3107.JPG,https://drive.google.com/uc?id=1tdiis5NfP3OtioGEZoAns6t74rj3FpUv&export=download
IMG_3106.JPG,https://drive.google.com/uc?id=1W89NhhVnwvs0EXkIjqUPZn_iAH1e4TYp&export=download
IMG_3104.JPG,https://drive.google.com/uc?id=1BZ4BN6ITAprIqdmHbvgt8J1Bz3JLaIQ2&export=download
IMG_3103.JPG,https://drive.google.com/uc?id=1ab7f62AL6wPdbM-xEwFoIRf5Lalt9l9v&export=download
IMG_3102.JPG,https://drive.google.com/uc?id=1MjpL4VksQbplU-C-GolIMWOCyk0nALaK&export=download
IMG_3101.JPG,https://drive.google.com/uc?id=1j55Pcw9xSWGdCS1H4gybxuuYt0MxGuTq&export=download
IMG_3100.JPG,https://drive.google.com/uc?id=17G9MYkzXdUZv5ChHBVEYgxD9p4_gzYRH&export=download
IMG_3099.JPG,https://drive.google.com/uc?id=1MdLyVwE7e58LuEo-IRtoKF1R7E5bmQT0&export=download
IMG_3098.JPG,https://drive.google.com/uc?id=1zVithoWtY1v_y-ZIAE9TXEI5O8qW-OWR&export=download
IMG_3097.JPG,https://drive.google.com/uc?id=1x8tmKsvWU9sXkqkXzTFBnW_LGWg1EKPo&export=download
IMG_3096.JPG,https://drive.google.com/uc?id=1boF17YfbY5w772VrA1KO89XlYz-zs1TT&export=download
IMG_3095.JPG,https://drive.google.com/uc?id=13WrycgUthAXi-K0gGWtPhRpQR7hT69pN&export=download
IMG_3094.JPG,https://drive.google.com/uc?id=1d0ZFnoREZUtbiAgyFAYoWJNMRKbujPtT&export=download
IMG_3093.JPG,https://drive.google.com/uc?id=1WFuwGiubWg1nFZLTgFTQtV29dswUxTGS&export=download
IMG_3092.JPG,https://drive.google.com/uc?id=1WDogXj91De3LdpZe_VNcRHMwj4sfz-dt&export=download
IMG_3091.JPG,https://drive.google.com/uc?id=1NpEpGqzcpsQwXVD_8-4u84Neoxp7qtuu&export=download
IMG_3087.JPG,https://drive.google.com/uc?id=1g0x_vx55SLHr5FnhxhxAXBt780L4G5W5&export=download
IMG_3086.JPG,https://drive.google.com/uc?id=1_SdbV1jUPasVCRe2qY9ksnISsjDBVWKk&export=download
IMG_3085.JPG,https://drive.google.com/uc?id=1lWzI_BARx82ovpCU6iDRapo-feHI6gkH&export=download
IMG_3084.JPG,https://drive.google.com/uc?id=1lvQMgMTMcQASBl83OjeqykCCVdVA9rE5&export=download
IMG_3070.JPG,https://drive.google.com/uc?id=1RvXBBRsioSUUSfYMEwpoVPhrkigunAED&export=download
IMG_3065.JPG,https://drive.google.com/uc?id=172j2nuMsxchczbg4QBJQSsYIzOauc81v&export=download
IMG_3062.JPG,https://drive.google.com/uc?id=1TZ4JPo_57_Rz2MVFsgWmXdMhg27ZxeNF&export=download
IMG_3061.JPG,https://drive.google.com/uc?id=1WFX75U7-lMwlZOFVBaQtBoRZH4X10PN-&export=download
IMG_3059.JPG,https://drive.google.com/uc?id=17h4y76WNK71hQlic6K27msCjIR9p4kvE&export=download
IMG_3058.JPG,https://drive.google.com/uc?id=1nEyFYB3BZX4YgwzB78vfXByTenzF37PD&export=download
IMG_3050.JPG,https://drive.google.com/uc?id=1LfimW0V5EEhh7DZCrmnMQreuItbV4HHk&export=download
IMG_3032.JPG,https://drive.google.com/uc?id=1TOtg52SE9gOwH7HPPGaJU01r0BoDSnZQ&export=download
IMG_3031.JPG,https://drive.google.com/uc?id=1V3RILASdeQRT3THIG9MS1JxLo3M_qrVy&export=download
IMG_3030.JPG,https://drive.google.com/uc?id=1NRfUS3OK8G6_gVzpLzO4yyGvGLSeZxTm&export=download
IMG_3029.JPG,https://drive.google.com/uc?id=1N3vOxKw5VS51mT0-_UYOkZwjZ2ylufDm&export=download
IMG_3025.JPG,https://drive.google.com/uc?id=1ssTmsjfCDCl1S3n4n3VDgEjCWnoVLrtE&export=download
IMG_2981.JPG,https://drive.google.com/uc?id=1JMkLp6vOpS_sR-Udi0Y60cdqV4BE-xbI&export=download
IMG_2980.JPG,https://drive.google.com/uc?id=1XgHruKnR54vwEhAC1aEuHYm-_C7l4mwT&export=download
IMG_2979.JPG,https://drive.google.com/uc?id=1dUWnUy0UW6gLQKMT9f9BWdV4R0prtAkq&export=download
IMG_2978.JPG,https://drive.google.com/uc?id=1NeYd4IRilV_5N-4IHRddUdJmW98jrlUA&export=download
IMG_2977.JPG,https://drive.google.com/uc?id=127YzZpUdzpnPTxg7iqTdbG0Ekxqt1tLv&export=download
IMG_2976.JPG,https://drive.google.com/uc?id=1HhBHcUIb6qUH7vJ5zC2Qf8PTk99Y9x2g&export=download
IMG_2974.JPG,https://drive.google.com/uc?id=1aAgegYDkbIOAdsO7rTfMxrWV1MIQAo1s&export=download
IMG_2972.JPG,https://drive.google.com/uc?id=1j4E0mp1vfV690rigi3wnnTDMhx5S-4AG&export=download
IMG_2971.JPG,https://drive.google.com/uc?id=1DPl7WFGT8RHBk1s5daJzqTMX1lmkpLK8&export=download
IMG_2970.JPG,https://drive.google.com/uc?id=1sEWwrMqu2YNqwaJW6J2_v8yJlzfzN7dC&export=download
IMG_2969.JPG,https://drive.google.com/uc?id=1gBOLRPcax_ZgVi4r_HvNBUtbKozt7I__&export=download
IMG_2968.JPG,https://drive.google.com/uc?id=15BQE7stt6TJuQAOz8Jep8HF7VikVGEX7&export=download
IMG_2965.JPG,https://drive.google.com/uc?id=1ZITYlURs_8GIvcutrq6H9Wi3iFl4Ejdv&export=download
IMG_2952.JPG,https://drive.google.com/uc?id=1M_iCiLVt8Mxy6u2P3NpHUtLCq3bQhU2A&export=download
IMG_2949.JPG,https://drive.google.com/uc?id=1dboPxvGUTfBVVS6y0dLlxQ0oMDxyUUTb&export=download
IMG_2941.JPG,https://drive.google.com/uc?id=1ny5PDTQmx3Czo0l9lj4knZlifPLPDbCJ&export=download
IMG_2935.JPG,https://drive.google.com/uc?id=1lHBC83ytrytCeJwHg-8xOjsXly4Iq6W8&export=download
IMG_2934.JPG,https://drive.google.com/uc?id=1CAi5YeP6Wbpyvgs6MV94YjsUS8FQULLb&export=download
IMG_2933.JPG,https://drive.google.com/uc?id=15Jhu7Xg_vjgJPKHkGXcbM9edq4Y2GuKT&export=download
IMG_2932.JPG,https://drive.google.com/uc?id=1u1eRa8OsdNYtoZuNCTr1WdU94ta4A3pf&export=download
IMG_2931.JPG,https://drive.google.com/uc?id=1-5_gI8p6YzPzD4-wX49o4h5mk3lsPmHc&export=download
IMG_2930.JPG,https://drive.google.com/uc?id=1JkvwpPCnKb41cc21TkADI5fuBlD0WFXD&export=download
IMG_2929.JPG,https://drive.google.com/uc?id=11J-Ty3HcaUmchBnI9tCixSupaVSsjPcs&export=download
IMG_2928.JPG,https://drive.google.com/uc?id=19MF5uMZ6WJQY-1fyRapPymKJe5RIpuGW&export=download
IMG_2927.JPG,https://drive.google.com/uc?id=1WSahy1DuXL8vOBUyx3Xbznv0hTgk_X47&export=download
IMG_2926.JPG,https://drive.google.com/uc?id=1cQ7xKX6E4cr_bVwl_kN6oGHoylHFE3SI&export=download
IMG_2925.JPG,https://drive.google.com/uc?id=1ltYlpVS4kr1sXQ4vSwOl5uo8P0CkMy4f&export=download
IMG_2924.JPG,https://drive.google.com/uc?id=1eZZPhqvlDXQSLHDwTNDUsNamD236C-IB&export=download
IMG_2923.JPG,https://drive.google.com/uc?id=1-rmuIFfCbUgrY3pQW_FIEPUZlHGMPe1O&export=download
IMG_2922.JPG,https://drive.google.com/uc?id=1ys_6FBVCOKrW3Zt5BUQ9CbVf00MwqXVo&export=download
IMG_2921.JPG,https://drive.google.com/uc?id=1S_yIZ5XIYhGPALi9XUeb6G4bZOjMXpPt&export=download
IMG_2920.JPG,https://drive.google.com/uc?id=1jTCl7_2olNZTtqdhFYkIXCVp3-O392hr&export=download
IMG_2912.JPG,https://drive.google.com/uc?id=1_uoRBJJ-h68f0qzyliP72pJ3fxJ2bY05&export=download
IMG_2908.JPG,https://drive.google.com/uc?id=1eEK-zwzdA8vl3pB1FtQ0sZ6HQzP4lgXe&export=download
IMG_2907.JPG,https://drive.google.com/uc?id=1R1VHggWi9mUMJygtkNDp2MCEWpwoElz6&export=download
IMG_2906.JPG,https://drive.google.com/uc?id=1URWc2iKaBdixvPUxqljR0SgKs04zAq5j&export=download
IMG_2905.JPG,https://drive.google.com/uc?id=1RNM3xeh8PDuelrpMokQy-r3us7idQXoz&export=download
IMG_2895.JPG,https://drive.google.com/uc?id=1_ajzY2wrbkGvoW7TBCSLo3P52O-HZN92&export=download
IMG_2894.JPG,https://drive.google.com/uc?id=1xt7qfmbhZ3mFsMxvboPRk-recuS6nVK4&export=download
IMG_2893.JPG,https://drive.google.com/uc?id=1OOUlMgFuPDXf9n9ZytZuVrPxGc9LOQia&export=download
IMG_2892.JPG,https://drive.google.com/uc?id=1lY5RRJOUpEsVFyNjckr0XP65wLPsG2rA&export=download
IMG_2891.JPG,https://drive.google.com/uc?id=1wNgRtSZCZ2QxUQBLwBGyRhqTr42C4SkG&export=download
IMG_2890.JPG,https://drive.google.com/uc?id=1RPVDMqEb5JzM7kIqmDhQ_F_tGuz_Bpmk&export=download
IMG_2889.JPG,https://drive.google.com/uc?id=1VsWSWw9fRcpNliehL6j6_mmmWnuN4O8o&export=download
IMG_2888.JPG,https://drive.google.com/uc?id=1ezz2IhPVoQveh4CMKBl1ZJbcS7_BhEt6&export=download
IMG_2887.JPG,https://drive.google.com/uc?id=1SeLSUBve0gaK1xRwqkjjYLrF9DdwsxE8&export=download
IMG_2886.JPG,https://drive.google.com/uc?id=1M2-Zcv67M60PbhK3jWT9bFdeNhf95uMj&export=download
IMG_2885.JPG,https://drive.google.com/uc?id=1EWDsAiNjD-yOnLETJh2FinNqCT11iQN0&export=download
IMG_2884.JPG,https://drive.google.com/uc?id=12wwjSFc3kdnG8GXgHxXouUHtdEoBIYEN&export=download
IMG_2883.JPG,https://drive.google.com/uc?id=1UV47ENOrpg7kR3UY0UbydFQYyCHYiv6k&export=download
IMG_2882.JPG,https://drive.google.com/uc?id=1eRIoK4KANXvjJc9CC90Lej6SYNxidcT_&export=download
IMG_2881.JPG,https://drive.google.com/uc?id=1Bn8rXbSlqPv4yrhoHtS4nq3aOB9HkuXe&export=download
099_1 (6).JPG,https://drive.google.com/uc?id=1X1SMuqOZ5uGRuU8rFu8bDAYM-KpBwaHh&export=download
scenic (3).JPG,https://drive.google.com/uc?id=1-hviJDMNxqwgidKS89dKHdiINLraTGb8&export=download
093_1 (8).JPG,https://drive.google.com/uc?id=1tyNDJMsyM5lWJpxhNS9DtcsAmnMQ3Qny&export=download
IMG_2880.JPG,https://drive.google.com/uc?id=1Vd2oWzAtR4-r_7EcTWRn9tYB-lBg4qjY&export=download
IMG_2879.JPG,https://drive.google.com/uc?id=1l0HXCxBf5t-6jysACGpWw3ZsJ4kTbNbP&export=download
IMG_2878.JPG,https://drive.google.com/uc?id=1_6UDELK05q2AfdMuTmqztg1FtyPbb58y&export=download
IMG_2877.JPG,https://drive.google.com/uc?id=1Yz--2XjwkJkCRDLMXbKZUHtEhDoOJ0ii&export=download
IMG_2876.JPG,https://drive.google.com/uc?id=1xjL6fQQ3UuKpxT6rhjtmivWrVABomTRV&export=download
IMG_2875.JPG,https://drive.google.com/uc?id=16ywAWAJRMqQPdv536Ru1DUl82I3Go1aa&export=download
IMG_2874.JPG,https://drive.google.com/uc?id=1BACmyCpDYBisqRSovs0C3b85VGUAAPsR&export=download
IMG_2873.JPG,https://drive.google.com/uc?id=1RoLmFkyMnDhVbwkyj48shqYKDx9axjls&export=download
IMG_2872.JPG,https://drive.google.com/uc?id=1EpTyvEMpiynuptaE-Ao14Zj6ogIrG7W5&export=download
IMG_2871.JPG,https://drive.google.com/uc?id=1Qhv98406CfNA5zXc7ejxW6y-ldvxQi-D&export=download
IMG_2870.JPG,https://drive.google.com/uc?id=1jf24HFk9Zhp31YFK0IkDzccEkok_rUFO&export=download
IMG_2869.JPG,https://drive.google.com/uc?id=1jnIhe0Q9X_SkMcyQTg1p5cb0uOI6pVZh&export=download
IMG_2868.JPG,https://drive.google.com/uc?id=1MBY-TqRi09-FEuusGZ0SsVfzgZe5GVT7&export=download
IMG_2867.JPG,https://drive.google.com/uc?id=1JTD0ViGrflHRlTLqnUgQk5WSDTsZTG3g&export=download
IMG_2866.JPG,https://drive.google.com/uc?id=1ECa2pL80xFiE2gS3GYMs-OFOR2RbUBvy&export=download
IMG_2865.JPG,https://drive.google.com/uc?id=1QYz8DqmQqERh32-LWECcu58zBBggvEKi&export=download
IMG_2864.JPG,https://drive.google.com/uc?id=1YZoFrrVIuF_rjMjILMKNfdA6tJLIhrhG&export=download
IMG_2863.JPG,https://drive.google.com/uc?id=1dx6b1FtSWSpP-4_2I7Q1ivyy0PXBovux&export=download
IMG_2862.JPG,https://drive.google.com/uc?id=1ZvgVs5lMP-OXmi-p82hF8rpWKsMwR3cz&export=download
IMG_2861.JPG,https://drive.google.com/uc?id=1QgNllDRyh8hpJjwFBZ5jQ_mq0vitfAe8&export=download
IMG_2860.JPG,https://drive.google.com/uc?id=1-SCtqH2BupZO4XpuF_GYEqklbqbAugej&export=download
IMG_2859.JPG,https://drive.google.com/uc?id=1TgKF2aqWEmn-_AEK7FisLc_8LTBcmWoU&export=download
IMG_2858.JPG,https://drive.google.com/uc?id=1fEokQN-g-g7p8hta45LeLRW9t10cDMAU&export=download
IMG_2857.JPG,https://drive.google.com/uc?id=143-flcWlvQVOb4Ns_VvkVZyFESpESb1V&export=download
IMG_2856.JPG,https://drive.google.com/uc?id=1uVN_WhvFHB509aXDQgWQTrzh_Ezlfvcn&export=download
IMG_2855.JPG,https://drive.google.com/uc?id=1fiwpzAxkorjdIWsGf4GCwnWQDzGaNy6S&export=download
IMG_2854.JPG,https://drive.google.com/uc?id=1fkrvWLcCNboaQz0V2W6yV2t1er3C-Zl0&export=download
IMG_2853.JPG,https://drive.google.com/uc?id=1afPF5ohUsbYOCNgkT2OVW7mrpSe3iBOD&export=download
WQEO1741.PNG,https://drive.google.com/uc?id=1uWlCybnLqwfnu1g7IFE8x1VvUL-n1hix&export=download
IMG_2852.JPG,https://drive.google.com/uc?id=19kPgXYH8e8xQ62s8FV_VgeIckc2-_N4j&export=download
IMG_2851.JPG,https://drive.google.com/uc?id=1FlBTkhJ4RG7BlRxS_ZyysehDms9RLM63&export=download
053 (6).JPG,https://drive.google.com/uc?id=1imaUr691Mxkf82phLh4lhXhV2FYOw2ox&export=download
053 (1).JPG,https://drive.google.com/uc?id=1OM-c8bBj0Ho8oF8QAVAKURjS64tv5Mw5&export=download
072_3.JPG,https://drive.google.com/uc?id=1r9CtGOS77GiH2LvrP9CE-SucVvXLcS5t&export=download
072_2.JPG,https://drive.google.com/uc?id=1EhcuH4-mO56U11D4YOXGMQtIpMgeRjDy&export=download
071_willow_like (7).JPG,https://drive.google.com/uc?id=1P9gjql2Y2I26vTlsU8aIlgAtssCXIfW5&export=download
071_willow_like (6).JPG,https://drive.google.com/uc?id=1-zCHvzmPIZh4suV6KiqUgqNTq8xlFkU_&export=download
071_willow_like (5).JPG,https://drive.google.com/uc?id=1PjtrcMzEaVQQl72miPznZ4vHA4gtOaVv&export=download
071_willow_like (4).JPG,https://drive.google.com/uc?id=1GqvSITj3z__lkwgw5oU5xM9KZBpJ5y4F&export=download
071_browsed_ceon.JPG,https://drive.google.com/uc?id=11nCtJiVU5EDC3EF1_l3EIKP-ImOPwtgR&export=download
071_browsed_ceon (2).JPG,https://drive.google.com/uc?id=1e44i3377EKHpPb05kbUqQQi3cIaOcAUQ&export=download
071_browsed_ceon (1).JPG,https://drive.google.com/uc?id=1NqOmzQ5wuPBUOf9e9kU7vyRi0YS7YEbn&export=download
071 (6).JPG,https://drive.google.com/uc?id=1eBHC3iHnU_y2MkFktVvLMdxohaKJsGQv&export=download
071 (5).JPG,https://drive.google.com/uc?id=1IPsFAwsh1JLBjWnUveR2NUtOn9X-QXlm&export=download
071 (4).JPG,https://drive.google.com/uc?id=1GFfPEhDzLZlCPk5SZLDOYZyW3GfrHuTR&export=download
071 (3).JPG,https://drive.google.com/uc?id=1TBz34FoVALFwRBXIS6Fsn8CaBc_G0Bfb&export=download
071 (2).JPG,https://drive.google.com/uc?id=1rEj9x9r9wTtl_5gHP9aNO_d8K-c31gY-&export=download
071 (1).JPG,https://drive.google.com/uc?id=17GkT2Yto20pZl4RV-ksS3i1co3lfGKhC&export=download
069_3.JPG,https://drive.google.com/uc?id=1AjS9HYOVKlQS1xDEckqP4Wkgzh65x_F5&export=download
069 _4.JPG,https://drive.google.com/uc?id=1mDKMTTMI5bSzqOLy02TKQki6tli1kmgI&export=download
069 (2).JPG,https://drive.google.com/uc?id=1XBamaMX1uQ1Jlc12IXR_QIC8b2DRCSRp&export=download
069 (1).JPG,https://drive.google.com/uc?id=1hSLE9Ja4ghJN83kIeNZFjNl-YZoOnJUy&export=download
068_3.JPG,https://drive.google.com/uc?id=15Sl1sbMOLsyALQzx5Op2kmifvXgfzrfd&export=download
068_1.JPG,https://drive.google.com/uc?id=1_EpPJ-tJ4GdPUkwaxV5O8tprfUnoabre&export=download
068 (6).JPG,https://drive.google.com/uc?id=1NwEL_1RyR2l4JgfN6oxr57vRP6OJbQfC&export=download
068 (5).JPG,https://drive.google.com/uc?id=1nA07j0W7OT52dNfXEiOo22I_MddZ3Kxr&export=download
068 (4).JPG,https://drive.google.com/uc?id=1VA9morNJh-kdr7JdaBdXoH7HDMgjRH8L&export=download
068 (2).JPG,https://drive.google.com/uc?id=1jbe3zWoUsTRbAQFkPZ2G6XPOSoiH5y4s&export=download
068 (1).JPG,https://drive.google.com/uc?id=15rfZi6hP9t_hmpdk1LpCDgF1XFCVB2UQ&export=download
066_3.JPG,https://drive.google.com/uc?id=1M8drO2kvHGNillscIDIf5zYJtTnKng2n&export=download
066.JPG,https://drive.google.com/uc?id=1mMIiHxnWePQOgPcBLqEdBY7cX_0aqWj5&export=download
066 (9).JPG,https://drive.google.com/uc?id=1ZmMF1AQGzxc7VqzIrrRXeLr6-V8gpp6E&export=download
066 (8).JPG,https://drive.google.com/uc?id=1VhKAEM-2DniSbDxzpjicsDr8kYbXxcqx&export=download
066 (7).JPG,https://drive.google.com/uc?id=1b74F9mG_3Hmw4npGP4_riLQiNz7qCW36&export=download
066 (6).JPG,https://drive.google.com/uc?id=1SNdAQGPFntzzH6nXN1CmCOkpYDEceY5u&export=download
066 (5).JPG,https://drive.google.com/uc?id=1dmNqSMdemssJwTffekhAgBbhuO5xtRov&export=download
066 (4).JPG,https://drive.google.com/uc?id=1I0VE597VjSnTpyOA5abedCD-mtHXDUQr&export=download
066 (2).JPG,https://drive.google.com/uc?id=1aOtsOqIZ5zE9b621W8bLzlfHMyt2EtrH&export=download
066 (1).JPG,https://drive.google.com/uc?id=1juqZ4q-BBuvdU3L2cDR4n1zaWeh1YaUW&export=download
065_1.JPG,https://drive.google.com/uc?id=1hlu6EEgS54GXXrCJRokKZjYrpy1vlCmb&export=download
063_1.JPG,https://drive.google.com/uc?id=1eW2OWFSCFs-7CyI_zjVFAulIIXtCHP07&export=download
063.JPG,https://drive.google.com/uc?id=1cRXhfs5IE-MQHynP96mtXy0jwSf8szHq&export=download
061_5.JPG,https://drive.google.com/uc?id=1Ri6zfOb9HSk0RsMeUwzkTy4IFHeCBpFp&export=download
061 (15).JPG,https://drive.google.com/uc?id=1jgpeq_EYRqvmzxpzLo9hQSw19NQuRO5H&export=download
061 (14).JPG,https://drive.google.com/uc?id=16UgwiTeEK1RCReHsIVnpGn3Me6r0PFbe&export=download
061 (13).JPG,https://drive.google.com/uc?id=1qKyulzE3gpV8z-AZ48EmFXKSz0q5q0vS&export=download
061 (12).JPG,https://drive.google.com/uc?id=1cQlKg9Xa6X4XJZTqgBr2WbN4LrqMLE6g&export=download
061 (11).JPG,https://drive.google.com/uc?id=1DPfGrMO04IFb8lCo7wUELPK2BELlerBD&export=download
061 (10).JPG,https://drive.google.com/uc?id=1ZF1XrhA405nfZubobd9MQOneVoqeNNx0&export=download
061 (9).JPG,https://drive.google.com/uc?id=1Q13LBD4bVIJbeuH9mTKIOiF72QEJxqOe&export=download
061 (8).JPG,https://drive.google.com/uc?id=1h9dB-RNWn1xSYl5lWeHT2QwRVEQ1lcP5&export=download
061 (7).JPG,https://drive.google.com/uc?id=1qKEekMnXRqIesahB6ibAYWDOjvoj6wu0&export=download
061 (6).JPG,https://drive.google.com/uc?id=18O9UZBY5M-Wdl4TBc0ZBsD0wGPvDf3gb&export=download
061 (4).JPG,https://drive.google.com/uc?id=1hVYMWzLMapFMxPjhqdvPL8WDv-w5GXRO&export=download
061 (3).JPG,https://drive.google.com/uc?id=1kJU1ypcAtLHuPxPP9RuFN0HhGQK2zUes&export=download
061 (2).JPG,https://drive.google.com/uc?id=1vndpcSAxTiiiNswNSvOFAVOQc564uXFg&export=download
061 (1).JPG,https://drive.google.com/uc?id=1nPLBF00blTSIWBv-wYxBtRmPl4zMee2a&export=download
060_1.JPG,https://drive.google.com/uc?id=1YDH9KOSK5oe3qhSaTiO4aYx83KKVKK_U&export=download
060 (4).JPG,https://drive.google.com/uc?id=1Q4AbUo0xYH_Wg2M71wBZl3aLj_elL7SO&export=download
060 (3).JPG,https://drive.google.com/uc?id=14IkArQEqSlpFKpg7uVmy6toYPcY5DjNL&export=download
060 (2).JPG,https://drive.google.com/uc?id=1jP-avFXu_pC_PskhAwshnquGaAwQkQDt&export=download
058_14.JPG,https://drive.google.com/uc?id=1fAWTBzvV6OJ_IwUOTqiDtM9CEBiYTdbH&export=download
058 (17).JPG,https://drive.google.com/uc?id=1L9MhIxk1bhMJQqKhOUNQcsBBg5-BfajQ&export=download
058 (16).JPG,https://drive.google.com/uc?id=1X92K6RQFa83lPOBSshRe7bZaxQ7a6hU5&export=download
058 (15).JPG,https://drive.google.com/uc?id=1Ks_Sw-70LcQCiT9F3ZU53ZEhfKv3E_VS&export=download
058 (13).JPG,https://drive.google.com/uc?id=1P1t6v2cjFKysTWREsF_erXVhWsPGi4pt&export=download
058 (12).JPG,https://drive.google.com/uc?id=1sTEW3d9FUm0oWVUSzm1y5VqN_UV0iPMD&export=download
058 (11).JPG,https://drive.google.com/uc?id=1rSvz9_vbHjoxQkbDGvDyzcyfzbKTNkt2&export=download
058 (10).JPG,https://drive.google.com/uc?id=1L4Qcpz5OTNQv0F9j8MnCw_xTlyiSdYaS&export=download
058 (9).JPG,https://drive.google.com/uc?id=1k_7AXEEjIlSTHI1towox5r581JEW3YZo&export=download
058 (8).JPG,https://drive.google.com/uc?id=1nSOMsAHtuA7mjlpt1nUEJg6ZkseiNMAZ&export=download
058 (7).JPG,https://drive.google.com/uc?id=14nw7uGNZe68yC2k5bBmwgB8Ll-G2sIHW&export=download
058 (6).JPG,https://drive.google.com/uc?id=1UHKGUNUUwGwsm3EeHkOn46LsMt7WW_Gp&export=download
058 (5).JPG,https://drive.google.com/uc?id=1dTCZlo9ecRI-M5vWllzhsaBkEiSqnryJ&export=download
058 (4).JPG,https://drive.google.com/uc?id=13OmsH2kzGu6EBm_Kmr1Kp2InuAduMedi&export=download
058 (3).JPG,https://drive.google.com/uc?id=1vOkEnZAM8TJpGtAQRvn81puRncsopk65&export=download
058 (2).JPG,https://drive.google.com/uc?id=1GZPtEdyGTze50WHfsEagHnZm7WVMjncW&export=download
058 (1).JPG,https://drive.google.com/uc?id=1r6ZwImUIwGnqeZbbrV5v61AGuMcru99-&export=download
055_bed_site (2).JPG,https://drive.google.com/uc?id=1GFR7Vm86N_UmQ01VAwPo8C7WWZ15rjW3&export=download
055_1_bed_site.JPG,https://drive.google.com/uc?id=1c4ct4PHN1U_HtChwz8vC8kpUJsCBSPtZ&export=download
053_white_fir_markings (5).JPG,https://drive.google.com/uc?id=1IqK7OaN6KnQZUwaThOI3W0uOSKLDlyJR&export=download
053_white_fir_markings (4).JPG,https://drive.google.com/uc?id=1mbd25pBKpw7geLh2V5JvCmvqyW_NUunp&export=download
053_white_fir_markings (3).JPG,https://drive.google.com/uc?id=1COWxOeMho92DsptWCcJCwpuxTkusxHX_&export=download
053_white_fir_markings (2).JPG,https://drive.google.com/uc?id=1aST7y7KHS2FDT58YUsjtaEi8IhAwH3vc&export=download
053_white_fir_markings (1).JPG,https://drive.google.com/uc?id=1hnJzszWDqqt-UQj_hZzxmNPzGthZS__4&export=download
053_unk_plant4.JPG,https://drive.google.com/uc?id=1oOZMfsx5h460RJmwve9v2PPeOkbL2zjC&export=download
053_unk_plant (6).JPG,https://drive.google.com/uc?id=1jQAdO7abRpFcWqnFbTqE92qDVUU35Rg6&export=download
053_unk_plant (5).JPG,https://drive.google.com/uc?id=1o-W70MU62O_sru4U2vsEJs9e7bdDP73f&export=download
053_unk_plant (4).JPG,https://drive.google.com/uc?id=1qHU5Vn89N5dxz0Uu1i2__6UepNegAPkD&export=download
053_unk_plant (3).JPG,https://drive.google.com/uc?id=1GwyNwN9zIrq5BqIX_zSPu2ISD1grTXzd&export=download
053_unk_plant (2).JPG,https://drive.google.com/uc?id=1WqtrZZfa8IaT4jEj5VhOtwrVjyS89dab&export=download
053_unk_plant (1).JPG,https://drive.google.com/uc?id=1t2X1fJ2KqJm7pq576oXzYAvqcdlTcAGb&export=download
053_less_than_30_mins_dry_sand.JPG,https://drive.google.com/uc?id=1v2HhSQucFLXn8Pvfm09In818d5MDfPR7&export=download
053_less_than_30_mins (3).JPG,https://drive.google.com/uc?id=1z-6NS0vGZWMxMMoYsWAh1DnqlSVic6GE&export=download
053_less_than_30_mins (2).JPG,https://drive.google.com/uc?id=1T3GpNNmm0RaZa9ptIp1kF_oU7uj_DobW&export=download
053_less_than_30_mins (1).JPG,https://drive.google.com/uc?id=1mHK3x6UQoWGLlMSELWB-ZriqjEbj6HuM&export=download
053_herd (8).JPG,https://drive.google.com/uc?id=1mcDcwwDGPisKrekKGRen3TS7fvE0w_j-&export=download
053_herd (7).JPG,https://drive.google.com/uc?id=1TTwjpTg921HqD3k8Bv0zzdy3lrivTnTw&export=download
053_herd (6).JPG,https://drive.google.com/uc?id=1at-8cY13omJsDbF9M82mpBmVpX7Ry74S&export=download
053_herd (5).JPG,https://drive.google.com/uc?id=1uik58AQrbY5ciLDfUYruKn2kRPG4FKN8&export=download
053_herd (4).MOV,https://drive.google.com/uc?id=1Mqq5lMWKB8j95okfKt_aGdKkZirJ8mw1&export=download
053_herd (4).JPG,https://drive.google.com/uc?id=1ZvyVaRT68iN66Y6ibcYKjqgNXRk0AcV9&export=download
053_herd (3).MOV,https://drive.google.com/uc?id=17pxCbd_NHXUX9Rb4FZkR9C-dLXRUEy-c&export=download
053_herd (3).JPG,https://drive.google.com/uc?id=1qsjZTFeAv9em1Y_VlxH7-jWVa-llw3os&export=download
053_herd (2).MOV,https://drive.google.com/uc?id=1UfDwO8ItH9p7a2wKGVyicectaJu_PeBC&export=download
053_herd (2).JPG,https://drive.google.com/uc?id=12QavCBeCJqdjl4Tev_Bmiht7FBn94CWz&export=download
053_herd (1).MOV,https://drive.google.com/uc?id=1EbvHwluiGiaaHmr7yZhEtUK7wyrURBwr&export=download
053_herd (1).JPG,https://drive.google.com/uc?id=1HcBR9q8qQHywMdU9lmFyKKNWm4fmB7kN&export=download
053_fir_markings (7).JPG,https://drive.google.com/uc?id=1DCi8edTp4McDwi1-iBPEknkVVrWbo_CN&export=download
053_fir_markings (6).JPG,https://drive.google.com/uc?id=1c0sxivNfyKWXVn_RL6Uv-0ZMCNDdBPMu&export=download
053_fir_markings (5).JPG,https://drive.google.com/uc?id=1mTWHTORO79yV8kwy9Vk8qmCCm9mxvj9b&export=download
053_fir_markings (4).JPG,https://drive.google.com/uc?id=1y1awmpGvoxEnxUJlIrIt_L3IILc8sPmD&export=download
053_fir_markings (3).JPG,https://drive.google.com/uc?id=1axi0noudEu0l6ck4n8TmL-P_KyNrHfrq&export=download
053_fir_markings (2).JPG,https://drive.google.com/uc?id=1ZBgGWC_xJspNGgrYmWWkr7gCxF6Siguw&export=download
053_fir_markings (1).JPG,https://drive.google.com/uc?id=1nHd_E_DNiWOzCajljSZ5rgqXRqI4hgzs&export=download
053_bed.JPG,https://drive.google.com/uc?id=1rcz1We3iPyUqh7SHucS1HpoTLCX4cJ0E&export=download
053 (11).JPG,https://drive.google.com/uc?id=1S7LFkGT_1fZAEkeYdjeZgHxf8CciEPoz&export=download
053 (10).JPG,https://drive.google.com/uc?id=1GSbgrHpDykQsWjpOeog_7XbQNO3YOcJz&export=download
053 (9).JPG,https://drive.google.com/uc?id=1EFGejlJqz8jqxtvKrnxlViS0-bGjwOAA&export=download
053 (7).JPG,https://drive.google.com/uc?id=1cKm-Zol6wnu9zsFyAsy6howCsLMdH0ZI&export=download
053 (5).JPG,https://drive.google.com/uc?id=1p5sXAT16SA5M6cDX-S7huZ7eosfh4RI7&export=download
053 (4).JPG,https://drive.google.com/uc?id=1o8300MwcLpRCWC3TICaakT8fh2jSdwOK&export=download
053 (3).JPG,https://drive.google.com/uc?id=1uklidPY0Hp2vt8QyIyW1R4wzn1-Vox7b&export=download
IMG_2848.JPG,https://drive.google.com/uc?id=1t99_aNzj4GkfnCfI0Bk2kBpDQ5TA7bU8&export=download
IMG_2847.JPG,https://drive.google.com/uc?id=1ivMtZcsJzf-fguKRv8RFE6VxIty8tkNH&export=download
IMG_2846.JPG,https://drive.google.com/uc?id=1HqtM727SUQ6iJNWelYWGZbaNJ1hpDJ9N&export=download
IMG_2845.JPG,https://drive.google.com/uc?id=1R-grolRzyNs-kN4k8D91u7VehRZEU7bK&export=download
IMG_2844.JPG,https://drive.google.com/uc?id=1DMcZ0cDjYWJsfC-udbT3kMvpHmf2SD-P&export=download
IMG_2738_p7.jpg,https://drive.google.com/uc?id=1ghduZI7VyxjvzipCQFzLGf7M4JNB89rd&export=download
gordon.JPG,https://drive.google.com/uc?id=13f6mUE8zTtXY4OgHq_Pt67EXocPdJibi&export=download
dogwood_red_stem.JPG,https://drive.google.com/uc?id=1xCvsyMm9jbwl1fkJKAQ8lbvpehcKWlSc&export=download
dogwood_flowers.JPG,https://drive.google.com/uc?id=12_5Nwt8KzY2PiB2e8XFRRxz1z2pokFOB&export=download
dogwood.JPG,https://drive.google.com/uc?id=1xI662f7xPwmTyMtDEtW_t8wHe8hzezKz&export=download
bear_on_ridge_7_11_2017.JPG,https://drive.google.com/uc?id=13BgVBPb_aJzz_drzGXiB8mpJZzXq9Gmd&export=download
elk_track_mcCash_july_2017.jpg,https://drive.google.com/uc?id=1hxOBBADC1z3fqeLfdcX3NcN3Z_d4mYic&export=download
072_4.JPG,https://drive.google.com/uc?id=1YDvMjqnAGkZuCGMrsB3qWgrbYQthIfFZ&export=download
tracks_near_hells_sandy_junction.JPG,https://drive.google.com/uc?id=1y_xT6KvY2gyV9_U9VkkJnBKeWmqfMyM5&export=download
006_2.JPG,https://drive.google.com/uc?id=1LChhehQadgkYQ2CMvGiosSE5BeaOjhVK&export=download
009_1.JPG,https://drive.google.com/uc?id=1rOrVffY8qZ2JC2K1M6ABpDPuP0hbiuM9&export=download
010_4.JPG,https://drive.google.com/uc?id=1zt2994PsGe-9AtpwSms-dDfjAG_ivGiR&export=download
006_1.JPG,https://drive.google.com/uc?id=1uhVE7cZadtUDOv-s_YlOhoNhuj8d0fyt&export=download
008_3.JPG,https://drive.google.com/uc?id=1lUbnDNbU-LDOkg3ZptUEB8py6uH6V8rN&export=download
008_1.JPG,https://drive.google.com/uc?id=1QQXNK3TnEgba5tsttWmF0n1_QijnUR16&export=download
007_1.JPG,https://drive.google.com/uc?id=12cTxYabPs-pkfAMV9H8fReeUBZlnhz3A&export=download
008_2.JPG,https://drive.google.com/uc?id=1azFWwk6a84EMeexeYl_8QHNOX-BAO6GK&export=download
010_1.JPG,https://drive.google.com/uc?id=1kSFGbnaxx6oHRmVAq-p3zf0M-UGRiG4e&export=download
004_2.JPG,https://drive.google.com/uc?id=1R4QHygO1H8_VKago5pbrPK49bcacBMxG&export=download
009_2.JPG,https://drive.google.com/uc?id=1EV41xgT7iMJqAr2Ds8GR-aZuXBJmTBVT&export=download
010_2.JPG,https://drive.google.com/uc?id=1pc62pafoBdlentymwgNJxHyZeWmFdEkw&export=download
010_3.JPG,https://drive.google.com/uc?id=1nqQ9YDJ0zDblMNNF97i9Xx7aehJ1U6UO&export=download
009_3.JPG,https://drive.google.com/uc?id=1QWhSsNuV8xp0mVkOhGs77UVm3H18Kl0d&export=download
045_2.JPG,https://drive.google.com/uc?id=1Wgizxmm7tS7gZkybhCdig9CGxkUDhOHT&export=download
045_1.JPG,https://drive.google.com/uc?id=1QabdL0Sa2JoMqyR17ijFtsPKePzJ54KC&export=download
043_2.JPG,https://drive.google.com/uc?id=1pgxX4oHCzecxOnxoz8OiRoRbdo7hMhaS&export=download
043_1.JPG,https://drive.google.com/uc?id=1b3mp2YfapxsOcLYmqC4i_jTOfGAoAH5P&export=download
043.JPG,https://drive.google.com/uc?id=1DLSU9_umB6PNOc6ugnE0uYlHGgg7Sb9D&export=download
042_3.JPG,https://drive.google.com/uc?id=1lmT98BknjxE1-QGtyRnQkJfLqJv2BFUk&export=download
042_2.JPG,https://drive.google.com/uc?id=10lgHvM6xvtubjDl6h9qOc6QYZ6wGQn0Q&export=download
042_1.JPG,https://drive.google.com/uc?id=1jqilhHQ3NrXtfOfyCBRWQeS2rTzMdNzs&export=download
042.JPG,https://drive.google.com/uc?id=1EdmvsmiquZR7TD5UqgREaWPmNy91GwaS&export=download
041_1.JPG,https://drive.google.com/uc?id=1ajOwa6GRS8QzAVf1M3_XST8ybGyjV6y6&export=download
040_nice_track.JPG,https://drive.google.com/uc?id=13rPoPSz09-HFPO3WBkdJSHv5W_I5wZSd&export=download
040_nice_stride_pic.JPG,https://drive.google.com/uc?id=1FmCi0CUYqQf7meXQZiCnIvIy3xDxEFQb&export=download
040_10.JPG,https://drive.google.com/uc?id=1DJO52HYztrr5h9rqegYmLpOi6JjCHQ3l&export=download
040_9.JPG,https://drive.google.com/uc?id=1tXcgmMPlXb3xi2jk3hPaKxgeR0KwKS-M&export=download
040_8.JPG,https://drive.google.com/uc?id=1Rr_u3cD_FFDsdV7cU2Dk4b9fZ6ad-Oed&export=download
040_7.JPG,https://drive.google.com/uc?id=1atjZcnOCQRZf_8vnoMoyHkOya7vWnhRv&export=download
040_6.JPG,https://drive.google.com/uc?id=1tcIIUOp_cxE_XKOxt4f4ykZsmnfLyMDb&export=download
040_5.JPG,https://drive.google.com/uc?id=1TSEoTmCU2R0c_Gas_1G3I4Ub9Jk3vVN5&export=download
040_4.JPG,https://drive.google.com/uc?id=1JV5l6i1tRVjYULmHF1amv-jaIciJv6f-&export=download
040_3.JPG,https://drive.google.com/uc?id=1oKx5y-d-XjNIYloe5U55HtZf72xYkXCp&export=download
040_2.JPG,https://drive.google.com/uc?id=1Ab894Fn-AT-dHD3RuD1rHYkJWLV5SR7L&export=download
040_1.JPG,https://drive.google.com/uc?id=1IjTd25W5hOmYeV9K278dFCwomDfUVM8C&export=download
040.JPG,https://drive.google.com/uc?id=19IcOc4WlLTFcziKEjbivXI0EVK3u8bXx&export=download
039_6.JPG,https://drive.google.com/uc?id=1dL3dfEsvq8oWuVIO5D0Fehiwfrdhl1Dc&export=download
038_10.JPG,https://drive.google.com/uc?id=1Wy3rViIAlnVoh92dnQQI7DUZeRxb9XeF&export=download
038_9.JPG,https://drive.google.com/uc?id=1AZVWDyDBWaDDnaHCcF6Opo0-SLGWRyPn&export=download
038_6.JPG,https://drive.google.com/uc?id=1mTnmBRqdfrCqibN75G9ZUd47eOD0Sxp3&export=download
038_5.JPG,https://drive.google.com/uc?id=1DTaItxDgOQcGrGJJl-ZSatPqSAO6Ul46&export=download
038_4.JPG,https://drive.google.com/uc?id=1kv2r7O21ZXgTGlkFxvtqZ2ieFR9TIcoF&export=download
038_3.JPG,https://drive.google.com/uc?id=1G-Zn_6-nQCGFgdhz2qAmVkidrd0Fvxmc&export=download
038_2.JPG,https://drive.google.com/uc?id=1I8KWLtqpWCXBmfyZuOPofKVjqNFYuTOF&export=download
038_1.JPG,https://drive.google.com/uc?id=1DipFO36fvOHBROBuCsHkFSRxE6UIvkhG&export=download
038.JPG,https://drive.google.com/uc?id=1Wza57dRME-7Gi1hPNIsGIVK16mDdOCtx&export=download
036_12.JPG,https://drive.google.com/uc?id=151VlkDAtEwE37SgDoNR8wEAob5bBRVBc&export=download
036_11.JPG,https://drive.google.com/uc?id=15HjluutIKYt6XB-kilKB7d7n9PTHU8oM&export=download
036_10.JPG,https://drive.google.com/uc?id=1jMwtlmkMUHQEnnHyPEtufqCQlM0IYtje&export=download
036_9.JPG,https://drive.google.com/uc?id=1TIOnxN9FcZKzWZszq2Vlc8uKhAPyGdbk&export=download
036_8.JPG,https://drive.google.com/uc?id=19G8SAkHiHckjcHjJRqGyZPLmG8EYcCCk&export=download
036_7.JPG,https://drive.google.com/uc?id=1Ml-xDl_DKxdRSSxCWwUS5pyl1puVzeL8&export=download
036_4.JPG,https://drive.google.com/uc?id=1Unh1bfAp6_zH7kSvaL9fsiHvmqv3N-ym&export=download
036_3.JPG,https://drive.google.com/uc?id=1lM_0NW2dHi7Gv40E-7Awig33V-z3j5fw&export=download
036_2.JPG,https://drive.google.com/uc?id=1jky2Un_FE9UQW-PAVDMg6HK_D679sQyz&export=download
036_1.JPG,https://drive.google.com/uc?id=1OfbCMXJqoZ7bcFEan1f3HUuLIwYiCZE4&export=download
036.JPG,https://drive.google.com/uc?id=1DlmJFuH92EGxCuIdVsW8aLnGYcFhF3Uz&export=download
035_16.JPG,https://drive.google.com/uc?id=1gA5QHXzYcBPkjHC9o4gTY6toyN0iitzM&export=download
035_15.JPG,https://drive.google.com/uc?id=1Q2JiRlzfVm--K5Q7_EJyaHEApfPuWMat&export=download
035_14.JPG,https://drive.google.com/uc?id=1qSfw2eM9vX7maR__He4x-kIz6UC1iVx9&export=download
035_13.JPG,https://drive.google.com/uc?id=18msMISHB518cwn6BMEWYIaxsitOCD-P_&export=download
035_12.JPG,https://drive.google.com/uc?id=1mXs_dFTTkdy5oQV3DlSmj_H_dDlABqjC&export=download
035_11.JPG,https://drive.google.com/uc?id=1spmGUq2dCTgXtSiUsksCUT-Ra4FnUo7w&export=download
035_10.JPG,https://drive.google.com/uc?id=1QhxjDlHeGxvr1cKmGD5SnUItw01nGlvL&export=download
035_9.JPG,https://drive.google.com/uc?id=1glzVfS9Ww6UOTUSrW2NDGva3WfvQyyOt&export=download
035_8.JPG,https://drive.google.com/uc?id=1wgSW86xzNbZrI8vU8gM962aA2t5FehYE&export=download
035_7.JPG,https://drive.google.com/uc?id=1HYzNyEtsfjSVIsRVMF_-3ZqlST-fbfTs&export=download
035_6.JPG,https://drive.google.com/uc?id=1z-ajK2iz5Spzq4FmyGV5xbaIYkHHtOvS&export=download
035_5.JPG,https://drive.google.com/uc?id=1b_deB4kINxHA3gSKQi1UqRZsdZ3bg1rH&export=download
035_3.JPG,https://drive.google.com/uc?id=10G4jMGx2WrK_yW6_qLzrfqTf3LOdcbfW&export=download
035_2.JPG,https://drive.google.com/uc?id=1zg0oHieQ6RM7EOFLotHLVMhMsnLAg3P6&export=download
035_1.JPG,https://drive.google.com/uc?id=1W2lTMRio0SYLP5IyVIMkDyDgjLVgPlSK&export=download
035.JPG,https://drive.google.com/uc?id=1Tj2Uo57ic_eQp3TBVhvu2PlYI_khjNPk&export=download
034_2.JPG,https://drive.google.com/uc?id=1XseZ8QNgVk0NfYatE_ZrnLsT-GDCBMmQ&export=download
034_1.JPG,https://drive.google.com/uc?id=1gZLk8x8616DxaN0DLkIoi0C5iqHm9DWC&export=download
034.JPG,https://drive.google.com/uc?id=1fbGnRFtYZYY1f4sAshUO_DYUT-iBdpvm&export=download
031_vertebrae.JPG,https://drive.google.com/uc?id=1LrO2Sm1CroXI3sDpSfk2qwU6wN6DyOe1&export=download
031_vert.JPG,https://drive.google.com/uc?id=1aRP8aV09Eu2g0tnb-vwQVVJ49zRblho5&export=download
031_upper_jaw.JPG,https://drive.google.com/uc?id=1MWcyLSXqyR672utAtJkFk-DKsDw-V0ha&export=download
031_skull_antlers_2.JPG,https://drive.google.com/uc?id=1appVZ-zpbYiwSHTeW6u26-K-zwl93f27&export=download
031_skull_and_antlers_1.JPG,https://drive.google.com/uc?id=1o6-dKYttCWxx35hyPRLHkCxOmaY4cQl7&export=download
031_skull_2.JPG,https://drive.google.com/uc?id=1p1i7DPeTHUsnMQ6x17vnXlaxoAdpFBE6&export=download
031_skull_1.JPG,https://drive.google.com/uc?id=1jUSvqDGtfRP-wZWTYQIKMjWkyTL24T4v&export=download
031_scrape_2.JPG,https://drive.google.com/uc?id=1JDbxo2IlcoDHHu2BGXu5Y4EJ1ThnPrcH&export=download
031_scrape.JPG,https://drive.google.com/uc?id=1n29lLi_mpvSHrQ0b2XfIeCaX-GbaXGKt&export=download
031_quartermile_scrape_3.JPG,https://drive.google.com/uc?id=1b7CAWvDyIa4yyjbG-IufiOHkTvzMf02s&export=download
031_quartermile_scrape.JPG,https://drive.google.com/uc?id=1PsUfs_yML5SpeBRQrn0RTcl8P7i9CHhx&export=download
031_quarter_mile_scrape_2.JPG,https://drive.google.com/uc?id=147qwAZk3RsRIKvVtksW2pNMn9At_5LSP&export=download
031_quarter_mile_scrape.JPG,https://drive.google.com/uc?id=18IYXf9btlAo3bjxWQWLt9wIHcUyWFdh3&export=download
031_jaw_4.JPG,https://drive.google.com/uc?id=1RpmTu2JG4eVBHCSFLsdyaQJTlHUaIufP&export=download
031_jaw_3.JPG,https://drive.google.com/uc?id=12Rmebtoy8etKWZ5NNJkb9foFVosuv6CE&export=download
031_jaw_2.JPG,https://drive.google.com/uc?id=1Lqe-FuPS0Uid7TjbKerVd_fMn7K3FJSX&export=download
031_jaw.JPG,https://drive.google.com/uc?id=1qqq7rBXSOr44ECxpHTge9vGhAhCLqdGt&export=download
031_fur_patch.JPG,https://drive.google.com/uc?id=1YRlq0LRVahY5ukOdhdqPU6ky2vLLHJ_j&export=download
031_front_teeth.JPG,https://drive.google.com/uc?id=1wvAqYHOeWn1-eCQDcdEyl5UT2OskUSS6&export=download
031_bones_2.JPG,https://drive.google.com/uc?id=1TJgF7pSFYIV3yNz8CMc7mB8r1DuGevPr&export=download
031_bones_1.JPG,https://drive.google.com/uc?id=1bQcnXJPLX2F3F39e4fFYXhxcIxGuPYXO&export=download
031_bone_2.JPG,https://drive.google.com/uc?id=196mCS2K25WOhJnJf_AqPnFJH4qtN-XBe&export=download
031_bone.JPG,https://drive.google.com/uc?id=1BZ_FBb2B23GZwR_PWOm3zcWC_9YIkFWb&export=download
031.JPG,https://drive.google.com/uc?id=1nR4pzGBIPIyUJ0AK4RXCv_M5YMX7eiIx&export=download
028_10.JPG,https://drive.google.com/uc?id=1MQnhAPJ8RKe8CJ53MCxy2-L5hDoF9-Uh&export=download
028_9.JPG,https://drive.google.com/uc?id=1GnU_kUQVREgBIr-Cn0LrSBYzt2LkSQFz&export=download
028_7.JPG,https://drive.google.com/uc?id=1k6rYiI0Mla-4wGQdnIr5HAmfu3Da5H-8&export=download
028_6.JPG,https://drive.google.com/uc?id=1qxdXtk0gjRaMxLE-uyX2oUhfO98hC3xq&export=download
028_5.JPG,https://drive.google.com/uc?id=1mzqN69iWrmbst8sGoMQ9b0Old0WlCUlj&export=download
028_4.JPG,https://drive.google.com/uc?id=17vJ1uv_b44Da4bL8_NyE-zSXnBC5fRs7&export=download
028_3.JPG,https://drive.google.com/uc?id=1D2zUSuCxC6IiPmpDpzLLFrvK1tHngBnz&export=download
028_2.JPG,https://drive.google.com/uc?id=1gunpv29VUjmPKuuYLiAvBuq5NwC2U1Ov&export=download
028_1.JPG,https://drive.google.com/uc?id=1l0PbBycH8VRZXL0crDeEBCXNkaVMITWg&export=download
028.JPG,https://drive.google.com/uc?id=1jg19D1Gi9KoU6o8F6C0H3wFgkKCuSAEk&export=download
023_4.JPG,https://drive.google.com/uc?id=1N8ds95QKD36nP1VCtmjNzJpSM4j-gfxW&export=download
023_3.JPG,https://drive.google.com/uc?id=1oU-e5-v289-4PKU6DUJL41K1WWdN6X4_&export=download
023_2.JPG,https://drive.google.com/uc?id=1-72AgHgQi_3PHKSy94utQ7iwNILJO3qx&export=download
023_1.JPG,https://drive.google.com/uc?id=1GAx0-4aYYdnxsfJUjX-0txSz8DWtaeem&export=download
023.JPG,https://drive.google.com/uc?id=1pjcEfgCPN0GjRBiHSPdcflcPw4q048cV&export=download
021_2.JPG,https://drive.google.com/uc?id=1jxZo0UJthH5O4mQQJnr0pp-jrQ6mJjdL&export=download
021_1.JPG,https://drive.google.com/uc?id=1Gi4V9VljuBID5hdjodiawfEjme2dcbcj&export=download
021.JPG,https://drive.google.com/uc?id=1LVzCFo8p34HjbqmSMtl7C01JO3OMxQ6T&export=download
019_13.JPG,https://drive.google.com/uc?id=1y6kmz-FivjVGVZaGX8hP6eLLOotpoaih&export=download
019_12.JPG,https://drive.google.com/uc?id=1_T_eK7SbwtVgwnHEZGPjVd_DdvXhq5Jt&export=download
019_11.JPG,https://drive.google.com/uc?id=1YgvlLWDBeLQhv-DNZKETXMhVASdVlyVz&export=download
019_10.JPG,https://drive.google.com/uc?id=1GNr8i-YXnPBHuHfCySfGib59YeVgExck&export=download
019_9.JPG,https://drive.google.com/uc?id=1UMiq5-YyHPUOiIFOIZdNfzN0SLvnMrTi&export=download
019_8.JPG,https://drive.google.com/uc?id=1qS1XgS9PlqMlqTZQv7BIWZmDi-2_Ds_l&export=download
019_7.JPG,https://drive.google.com/uc?id=16z4gKL8qGhGZe6z4WEGvf5JrzTpdQdXn&export=download
019_6.JPG,https://drive.google.com/uc?id=1uVEC63COgKXVog8b_xRbjcmLNVJkL1Yt&export=download
019_5.JPG,https://drive.google.com/uc?id=1A8pipzmN2oPhWddAXyagygDo1St0B_2N&export=download
019_4.JPG,https://drive.google.com/uc?id=10mcexWwlyl79Gz1PpYUrFgMuz2xFhqPQ&export=download
019_3.JPG,https://drive.google.com/uc?id=1Bk3f7_ShWihlNZFylps1RrQiYcveHg6e&export=download
019_2.JPG,https://drive.google.com/uc?id=1stFk73uvKwcWzpDB_9aEfXhu2spY9dbG&export=download
019_1.JPG,https://drive.google.com/uc?id=1H88nq7wJtRdanL0FZj2rDoDxRlztj432&export=download
017_P3.JPG,https://drive.google.com/uc?id=1d4ZVL-VQtK08iMA--uO6xcAYxivdKRNn&export=download
017_alders_3.JPG,https://drive.google.com/uc?id=1SiNb1B0Vl0jQd3HbTx0I34oWaEgFU86q&export=download
017_alders_2.JPG,https://drive.google.com/uc?id=1l2CL8Lry6GgnRNvkoNUXiSyg577qHBD2&export=download
017_alders.JPG,https://drive.google.com/uc?id=1_H-9ORQWJsL-xIumD0lOy_gTcb3x5MZT&export=download
017_5.JPG,https://drive.google.com/uc?id=1oYPVQSqnSR7Hv1rlJ7SuUPdrAMyE3ZOl&export=download
017_4.JPG,https://drive.google.com/uc?id=1_SzTbbwB99N8zp7fnd62Hd-h_dUFZNVi&export=download
017_3.JPG,https://drive.google.com/uc?id=1-pNucV3MxtHtABwhR5D-iOchK5e4lOVF&export=download
017_2.JPG,https://drive.google.com/uc?id=1NUopCfzQPlwpC7PepaLTZ3poOrXB3PsR&export=download
017_1.JPG,https://drive.google.com/uc?id=1vYoNlG9z3Ba4iM0uwJyjwi7Z2Qc0glWW&export=download
016_bear_scat.JPG,https://drive.google.com/uc?id=1AFqvHrJ6hY0IL2Bi-Nda1ChTGIvnsT5D&export=download
016_8.JPG,https://drive.google.com/uc?id=1V-sAQ_a3CdBXnddI10v9Saj85FblQKYN&export=download
016_7.JPG,https://drive.google.com/uc?id=1X3I4J_ifUPo07txrMF0r_nF5Ea4tqDE2&export=download
016_5.JPG,https://drive.google.com/uc?id=1JjGWhWfOTnNi07Ja86rq0s-mWPyDUo2v&export=download
016_4.JPG,https://drive.google.com/uc?id=1k5HutWDARlzF21gL6mzJMgQJ1ugxMg54&export=download
016_3.JPG,https://drive.google.com/uc?id=1JcGTUl5vnobGmlNzAOQCtss2vHLRhdVh&export=download
016_2.JPG,https://drive.google.com/uc?id=1vUAYm0QeEZGmqMzxw9A7mmJ7K5l5KJhx&export=download
016_1.JPG,https://drive.google.com/uc?id=1-qzdxxgE7zHXN7470k2Z1H6ooKDlbuKG&export=download
013_8.JPG,https://drive.google.com/uc?id=1kUMcTcH_WBSRljG0cVHnpsLyOnq4oQ7C&export=download
013_7.JPG,https://drive.google.com/uc?id=1CMiIVg09dfAnl2ga0GLRueHPjmT3RFYt&export=download
013_6.JPG,https://drive.google.com/uc?id=104l4Np10RbUxl6KMTHS5OWZLnHqDDaF5&export=download
013_5.JPG,https://drive.google.com/uc?id=1j3iLzrh_00bZHkKG9rb6OKHQ63NkQXgI&export=download
013_4.JPG,https://drive.google.com/uc?id=1FRxjho9PwyoQdSLNbl1tPGczaYT_m3vK&export=download
013_3.JPG,https://drive.google.com/uc?id=1vI3T39n9oBKVLXKEk_s9OZkFxsM1vyYI&export=download
013_2.JPG,https://drive.google.com/uc?id=1OCJ61fcX9YluuUSiST2Yt9zBwHObKT7I&export=download
010_7.JPG,https://drive.google.com/uc?id=173kAPzXfLjYI8BVghltLcRVRMGxHmUVp&export=download
010_6.JPG,https://drive.google.com/uc?id=13QpYdRcH5jfukJbprlGT0GSrY0IIaUAY&export=download
010_5.JPG,https://drive.google.com/uc?id=1aIhm1YP5GqOto1bmZqF6HLg0vbrF13bz&export=download
060 (5).JPG,https://drive.google.com/uc?id=1FrU9gmmReeznu_1Qw7BomJWqqXgff9JI&export=download
045_4.JPG,https://drive.google.com/uc?id=1BcacodW1CME9QT_42Lyk9ZusC1vt_a85&export=download
045_3.JPG,https://drive.google.com/uc?id=1uFq7A24Ag_tnef7mo8D2grbLz1UwKWq0&export=download
data_form.csv,https://docs.google.com/document/d/1GE3RXbfXd4nn0yLkHcAQSImRmYFuft42s8QWWZ2ZUTE/export?format=pdf
50pct_C02_recyc.csv,https://docs.google.com/document/d/1oCtN9NhVmrp9R9jI4bs8Phtnd9fDXqSLTtbyZZ6MlTY/export?format=pdf
100pct_C02_recyc.csv,https://docs.google.com/document/d/1lWxqL-v_eNRUCoCHjTDmWMqA3a1XnbYkCDSSrACZqMY/export?format=pdf
sensi_CHP.csv,https://docs.google.com/document/d/1dbhmvKXZ94QL6u12OcPMx89uoPcNoAcpHZWDDMAz5B8/export?format=pdf
tomato_stats_ers.zip,https://drive.google.com/uc?id=0B6h76f2Zop53cC0yNmtkejk4dnc&export=download
IFAMA_risk in investing in tomatoes in FL.pdf,https://drive.google.com/uc?id=0B6h76f2Zop53T2k0Nm5qMnBaTjg&export=download
vert_farming_LCA.docx,https://drive.google.com/uc?id=0B6h76f2Zop53ZHNISFNZbXhseEk&export=download
Clune_2017_supplementary_material.xlsx,https://drive.google.com/uc?id=0B6h76f2Zop53aXF1eXdBYjVuNE0&export=download
Stoddard_Conventional_Costs_2007.pdf,https://drive.google.com/uc?id=0B6h76f2Zop53MS10TGFDa2hBUjg&export=download
Clune_2017.pdf,https://drive.google.com/uc?id=0B6h76f2Zop53amJxSm1iWGxrLTQ&export=download
greenhouse_production_tomatoes_TN.pdf,https://drive.google.com/uc?id=0B6h76f2Zop53Z1BiSjBzRS02YjQ&export=download
Table068.xls,https://drive.google.com/uc?id=0B6h76f2Zop53dV9iNHFjcWRFMlU&export=download
Table064.xls,https://drive.google.com/uc?id=0B6h76f2Zop53ZTVUelVScUtmeGc&export=download
Table069.xls,https://drive.google.com/uc?id=0B6h76f2Zop53ZHRQdnNubHlWUnc&export=download
Table065.xls,https://drive.google.com/uc?id=0B6h76f2Zop53ZFUzVU5RaEpicTg&export=download
Table067.xls,https://drive.google.com/uc?id=0B6h76f2Zop53ZDIzdmFXR3IzY3c&export=download
Table061.xls,https://drive.google.com/uc?id=0B6h76f2Zop53TjFCSEhUSGRKNTA&export=download
Table063.xls,https://drive.google.com/uc?id=0B6h76f2Zop53RnFBeUhhLTNNMXM&export=download
Table066.xls,https://drive.google.com/uc?id=0B6h76f2Zop53OFgzakkweTh2cFk&export=download
Table062.xls,https://drive.google.com/uc?id=0B6h76f2Zop53N0pDVVdwXzUzLTQ&export=download
Table060.xls,https://drive.google.com/uc?id=0B6h76f2Zop53RGtma1lqXzlzaWc&export=download
Table054.xls,https://drive.google.com/uc?id=0B6h76f2Zop53dThyZk9hN3Z1eUk&export=download
Table056.xls,https://drive.google.com/uc?id=0B6h76f2Zop53a1U0MWpfc3d6d28&export=download
Table058.xls,https://drive.google.com/uc?id=0B6h76f2Zop53a0xPSTh6MHlkbFk&export=download
Table052.xls,https://drive.google.com/uc?id=0B6h76f2Zop53Z25zZnp3ZVJhZFE&export=download
Table057.xls,https://drive.google.com/uc?id=0B6h76f2Zop53Y3M1bC1QcmxWXzg&export=download
Table053.xls,https://drive.google.com/uc?id=0B6h76f2Zop53V1NnSUZGRVdHY2s&export=download
Table055.xls,https://drive.google.com/uc?id=0B6h76f2Zop53R050M01IZzUySXM&export=download
Table059.xls,https://drive.google.com/uc?id=0B6h76f2Zop53OWR6RzZNbVFIeXc&export=download
Table051.xls,https://drive.google.com/uc?id=0B6h76f2Zop53M0EzVC1RbkRlSk0&export=download
Table050.xls,https://drive.google.com/uc?id=0B6h76f2Zop53UUdnY2RJeXNfNkU&export=download
Table047.xls,https://drive.google.com/uc?id=0B6h76f2Zop53eXhIcTZhWDB2ZEk&export=download
Table049.xls,https://drive.google.com/uc?id=0B6h76f2Zop53eEM3NDB0T1AtS0U&export=download
Table046.xls,https://drive.google.com/uc?id=0B6h76f2Zop53aTh1czRwbGlGV0E&export=download
Table043.xls,https://drive.google.com/uc?id=0B6h76f2Zop53aDJIcFNGNGEwOU0&export=download
Table041.xls,https://drive.google.com/uc?id=0B6h76f2Zop53YlZrdFNXOU9QaGM&export=download
Table044.xls,https://drive.google.com/uc?id=0B6h76f2Zop53TjIwQm85aEFTekU&export=download
Table045.xls,https://drive.google.com/uc?id=0B6h76f2Zop53TUgtY2I5UF9yaGc&export=download
Table048.xls,https://drive.google.com/uc?id=0B6h76f2Zop53MzUzdlpMaFAyc2s&export=download
Table042.xls,https://drive.google.com/uc?id=0B6h76f2Zop53LUxpM0ktTGlBTHc&export=download
Table040.xls,https://drive.google.com/uc?id=0B6h76f2Zop53MWNFU3hYVXYzNEE&export=download
Table037.xls,https://drive.google.com/uc?id=0B6h76f2Zop53dlZ0RzYxc0FkN0E&export=download
Table039.xls,https://drive.google.com/uc?id=0B6h76f2Zop53Ym5XSmFXdmd0dFk&export=download
Table034.xls,https://drive.google.com/uc?id=0B6h76f2Zop53U3duMm9ZZGZHQVk&export=download
Table036.xls,https://drive.google.com/uc?id=0B6h76f2Zop53TExaa3NiOHpfa1E&export=download
Table030.xls,https://drive.google.com/uc?id=0B6h76f2Zop53SGpsellJNk5zSkk&export=download
Table032.xls,https://drive.google.com/uc?id=0B6h76f2Zop53Nnk3RHhoaU5BRUk&export=download
Table038.xls,https://drive.google.com/uc?id=0B6h76f2Zop53MEY1T0VIa0k1YUU&export=download
Table035.xls,https://drive.google.com/uc?id=0B6h76f2Zop53MDFCcElPbVU1OVE&export=download
Table033.xls,https://drive.google.com/uc?id=0B6h76f2Zop53LWVUS2NvNV9PcUk&export=download
Table031.xls,https://drive.google.com/uc?id=0B6h76f2Zop53YkV3T254Zl9NX1E&export=download
Table027.xls,https://drive.google.com/uc?id=0B6h76f2Zop53c1hnVnd1dWYtT3c&export=download
Table023.xls,https://drive.google.com/uc?id=0B6h76f2Zop53bGlwYnV2TUprWUU&export=download
Table022.xls,https://drive.google.com/uc?id=0B6h76f2Zop53WkFEc3lzUzBoZzg&export=download
Table026.xls,https://drive.google.com/uc?id=0B6h76f2Zop53V1c2aUl4VzNHOW8&export=download
Table021.xls,https://drive.google.com/uc?id=0B6h76f2Zop53TlowUDhBS3F1MG8&export=download
Table028.xls,https://drive.google.com/uc?id=0B6h76f2Zop53TEEwdThIcTVFRms&export=download
Table025.xls,https://drive.google.com/uc?id=0B6h76f2Zop53Q21WMGFiMkJVd00&export=download
Table029.xls,https://drive.google.com/uc?id=0B6h76f2Zop53Q1NkcERoUE5kN28&export=download
Table024.xls,https://drive.google.com/uc?id=0B6h76f2Zop53OHkyd0pRSmkweUE&export=download
Table020.xls,https://drive.google.com/uc?id=0B6h76f2Zop53YnAwanlra2hQQnc&export=download
Table015.xls,https://drive.google.com/uc?id=0B6h76f2Zop53dG1zcldxTmtKT1k&export=download
Table014.xls,https://drive.google.com/uc?id=0B6h76f2Zop53b0FjYUhlWjgtejQ&export=download
Table018.xls,https://drive.google.com/uc?id=0B6h76f2Zop53bXRVbENTMWxrUUE&export=download
Table011.xls,https://drive.google.com/uc?id=0B6h76f2Zop53Z1dfZGZtWWwtdFk&export=download
Table012.xls,https://drive.google.com/uc?id=0B6h76f2Zop53WU1lelNxczllNWs&export=download
Table016.xls,https://drive.google.com/uc?id=0B6h76f2Zop53U2NtbmZqSndpZnM&export=download
Table013.xls,https://drive.google.com/uc?id=0B6h76f2Zop53UlBKQ0ZIeVFKYkE&export=download
Table019.xls,https://drive.google.com/uc?id=0B6h76f2Zop53N0Y5VGo2ZkktSG8&export=download
Table017.xls,https://drive.google.com/uc?id=0B6h76f2Zop53MDh4ajYyU1ZxY28&export=download
Table010.xls,https://drive.google.com/uc?id=0B6h76f2Zop53dWRvNENSTndlREk&export=download
Table006.xls,https://drive.google.com/uc?id=0B6h76f2Zop53WG55UEtNTXV6Nk0&export=download
Table005.xls,https://drive.google.com/uc?id=0B6h76f2Zop53empoYmQyelN4RjA&export=download
Table002.xls,https://drive.google.com/uc?id=0B6h76f2Zop53dVN2YThfVTBoRGc&export=download
Table009.xls,https://drive.google.com/uc?id=0B6h76f2Zop53aG4tSzlZNWdsUVU&export=download
Table008.xls,https://drive.google.com/uc?id=0B6h76f2Zop53aC05U3BodFY5dW8&export=download
Table003.xls,https://drive.google.com/uc?id=0B6h76f2Zop53ZDFmcUowX2pNSnM&export=download
Table007.xls,https://drive.google.com/uc?id=0B6h76f2Zop53SHhua3djSVF1MW8&export=download
Table004.xls,https://drive.google.com/uc?id=0B6h76f2Zop53RWNGMlNTVW5xTFE&export=download
Table001.xls,https://drive.google.com/uc?id=0B6h76f2Zop53NFdXU3lBSEhpdnc&export=download
Readme.txt,https://drive.google.com/uc?id=0B6h76f2Zop53MUk5MDhhZDRYX0U&export=download
AHB_NGTropics_roadmap.xlsx,https://docs.google.com/document/d/1sQUWZQ1S1M5yhhjDzFCjFHU_cje1DgQXfH-9lmc1Fgg/export?format=pdf
Ideas for getting back to Joe.docx,https://drive.google.com/uc?id=0B6h76f2Zop53NUVBQnBuSC1SOUU&export=download
table_of_models_regeneration.docx,https://drive.google.com/uc?id=0B6h76f2Zop53N2lnOXB5ZlRsRWc&export=download
Wright_etal_2005_Ecology_ElectronicAppendices.pdf.doc,https://drive.google.com/uc?id=0B6h76f2Zop53bmt4Qy1UZWF0WmM&export=download
Harms_etal_2000_Nature.pdf,https://drive.google.com/uc?id=0B6h76f2Zop53SlFTRk5UVnJsLWM&export=download
Wright_etal_2005_Ecology.pdf,https://drive.google.com/uc?id=0B6h76f2Zop53MnhqM0tWTDl0UDA&export=download
Visser_etal_2016_FunEcol.pdf,https://drive.google.com/uc?id=0B6h76f2Zop53bEJ3TE5XTTJuT3M&export=download
METADATA BCI SEEDLINGS.pdf,https://drive.google.com/uc?id=0B6h76f2Zop53TmJfTGpvN01TUGs&export=download
METADATA LUQUILLO SEED RAIN.pdf,https://drive.google.com/uc?id=0B6h76f2Zop53TEZLSmJuSjlzbFk&export=download
METADATA YASUNI SEEDLINGS.pdf,https://drive.google.com/uc?id=0B6h76f2Zop53QkhPZDlld19zdUU&export=download
METADATA YASUNI SEED RAIN.pdf,https://drive.google.com/uc?id=0B6h76f2Zop53OVZBZlUzcnM4UDA&export=download
METADATA BCI SEED RAIN.pdf,https://drive.google.com/uc?id=0B6h76f2Zop53OG00QlJGOE1hYUE&export=download
METADATA LUQUILLO SEEDLINGS.pdf,https://drive.google.com/uc?id=0B6h76f2Zop53emM5YWZjenduS1U&export=download
AHB_NGTropics_roadmap.xlsx,https://drive.google.com/uc?id=0B6h76f2Zop53SXZqaTdhT2Y3dzQ&export=download
Data_sources_panama.xlsx,https://drive.google.com/uc?id=0B6h76f2Zop53RUF1MEFORFNDbWs&export=download
sherman_files.doc,https://drive.google.com/uc?id=0B6h76f2Zop53VTFtbllha3VUUGs&export=download
cocoli_files.doc,https://drive.google.com/uc?id=0B6h76f2Zop53WUluVUw4SW9NSzg&export=download
METADATA_BCI_SEED_RAIN.pdf,https://drive.google.com/uc?id=0B6h76f2Zop53QllJZ0FRSDlVcXc&export=download
BCI_metadata.pdf,https://drive.google.com/uc?id=0B6h76f2Zop53VUhGTENoSFhhdzQ&export=download
METADATA_BCI_SEEDLINGS.pdf,https://drive.google.com/uc?id=0B6h76f2Zop53eGpta2tiTTlpYVk&export=download
README_GIS_From_UCBerkeley.docx,https://drive.google.com/uc?id=0B6h76f2Zop53YzJVTVgzWHRGX28&export=download
Fallowing_Project.mxd,https://drive.google.com/uc?id=0B6h76f2Zop53bE01WHZZVFpsc2M&export=download
Climate_Layers.zip,https://drive.google.com/uc?id=0B6h76f2Zop53dzAxOGp1UTFGVjA&export=download
Final_Layers_Zip.zip,https://drive.google.com/uc?id=0B6h76f2Zop53eTFHWDltUWF4c3M&export=download
Intermediate_Files.zip,https://drive.google.com/uc?id=0B6h76f2Zop53azNkWmJYT1Ayams&export=download
Bureau of Reclamation - 2001 - Central Valley Project Improvement Act Land Retirement Demonstration Project.pdf,https://drive.google.com/uc?id=0B6h76f2Zop53cDZoOEJ1WWFqNzg&export=download
"O-Dell, Ryan, Amelia (Natoinal Park Service - Unknown - Mojave Desert microrefugia on south aspect hillslopes of the San Joaquin Desert.pdf",https://drive.google.com/uc?id=0B6h76f2Zop53TUVjcDNXNTh1c2s&export=download
Germano et al. - 2011 - The San Joaquin Desert of California Ecologically Misunderstood and Overlooked.pdf,https://drive.google.com/uc?id=0B6h76f2Zop53UlF2R0h3eGVPNTQ&export=download
Bean_et_al-2014-Journal_of_Applied_Ecology.pdf,https://drive.google.com/uc?id=0B6h76f2Zop53ampTQmN1ZDBoUG8&export=download
WildLight_Final_Paper-Copy.pdf,https://drive.google.com/uc?id=0B6h76f2Zop53V2I5WE9Ca254Zk0&export=download
TNC_WSJV_SolarAssessment_2013.pdf,https://drive.google.com/uc?id=0B6h76f2Zop53SGVmcE9ka3d3S1k&export=download
Nasa_Central_Valley_Fallowing_Data_Report_14Oct2015.pdf,https://drive.google.com/uc?id=0B6h76f2Zop53SVBkcmFYdnYzcDA&export=download
esrp_2007_lrdpsynthesis.pdf,https://drive.google.com/uc?id=0B6h76f2Zop53ay1QZEtPRmtGUmM&export=download
SJ Desert HIlls Brochure 508.pdf,https://drive.google.com/uc?id=0B6h76f2Zop53RU1vbHpEeHNDLWs&export=download
Cypher_el_al_2011_SanJoaquinDesert.pdf,https://drive.google.com/uc?id=0B6h76f2Zop53elZqYjFpcm9ySzQ&export=download
Fallowing Articles_AHB_10_27_2016.docx,https://drive.google.com/uc?id=0B6h76f2Zop53eFZTUFktQ19uNEk&export=download
Endangered Species Recovery Program.docx,https://drive.google.com/uc?id=0B6h76f2Zop53U3RlU0t3N2paSU0&export=download
bnll_5yr.pdf,https://drive.google.com/uc?id=0B6h76f2Zop53NmV3Vks3cGJyM0E&export=download
Westphal_BNLL_Climate_change.PDF,https://drive.google.com/uc?id=0B6h76f2Zop53NzlZWGowVmZfYlU&export=download
kit_fox_five_year_review.pdf,https://drive.google.com/uc?id=0B6h76f2Zop53Nl84ZExUWjBlT1E&export=download
san_joaquin_kit_fox_habitat_suitability.pdf,https://drive.google.com/uc?id=0B6h76f2Zop53YW1PZEZfeXVoVGc&export=download
gkr_5yr.pdf,https://drive.google.com/uc?id=0B6h76f2Zop53VkpnZ19qNlNnZjQ&export=download
cypher_etal_2012_urban_kitfox_conservation_esrp.pdf,https://drive.google.com/uc?id=0B6h76f2Zop53cnczc2hvQnZOblk&export=download
BNLL_temperature.pdf,https://drive.google.com/uc?id=0B6h76f2Zop53LXZiZDNHaUYzeWc&export=download
BNLL_Temp_Extinctionrisk_Sinervo.pptx,https://drive.google.com/uc?id=0B6h76f2Zop53dHhLaUVOZlpkQVE&export=download
BNLL_climate_change_poster_dara-illowsky-tia14-poster.pdf,https://drive.google.com/uc?id=0B6h76f2Zop53SllVUkh3UWNvMEU&export=download
blm_sjvrt_rpsiterecovery.pdf,https://drive.google.com/uc?id=0B6h76f2Zop53QS03TTJidlRPb0E&export=download
esrp_2011_kitfoxrelocation_sitesuitability.pdf,https://drive.google.com/uc?id=0B6h76f2Zop53dkxxUjNfSlRUVmM&export=download
esrp_2011_kitfoxrelocation_cvpcp.pdf,https://drive.google.com/uc?id=0B6h76f2Zop53YW02bEd0SlRacGM&export=download
esrp_2010_kitfox_linkageenhancement.pdf,https://drive.google.com/uc?id=0B6h76f2Zop53N01lcEUyazRLSEk&export=download
cypher_etal_2014_kitfoxes_in_satellite_habitats.pdf,https://drive.google.com/uc?id=0B6h76f2Zop53WUVYbjNoMHZqRTQ&export=download
Cypher_2015_PanocheValleyConservation.pdf,https://drive.google.com/uc?id=0B6h76f2Zop53dlIzSm1QNG1ya28&export=download
Brashare_et_al_2010_GKR_moonlight.pdf,https://drive.google.com/uc?id=0B6h76f2Zop53ZV9Ec1dYQmIwTzA&export=download
sinervo_BNLL_climate_effects.PDF,https://drive.google.com/uc?id=0B6h76f2Zop53a0t3RGRFV0xXaEk&export=download
BNLL_sensitivities_sinervo.pdf,https://drive.google.com/uc?id=0B6h76f2Zop53UWx6VlBGa3VCams&export=download
esrp_sjkf_roadeffects.pdf,https://drive.google.com/uc?id=0B6h76f2Zop53aDNNbVZkTzE5Y3M&export=download
esrp_2007_kitfoxreloction_w.pdf,https://drive.google.com/uc?id=0B6h76f2Zop53RlhFdGpHdmtnRUk&export=download
esrp_2011_oilfieldeffects_blm.pdf,https://drive.google.com/uc?id=0B6h76f2Zop53UkVnMTJjYnlJaWc&export=download
Veg_restoration_dept_reclamation.pdf,https://drive.google.com/uc?id=0B6h76f2Zop53T0hDcjFuaGE4WnM&export=download
Current San Joaquin Valley science engagements_Dec2015.docx,https://drive.google.com/uc?id=0B6h76f2Zop53d1JxZ0dNMHVhd2M&export=download
Bean et al PLoS ONE 2014.pdf,https://drive.google.com/uc?id=0B6h76f2Zop53QkZ0TEdPT3BrRy16Wk51WWtOU2ZuM0w2U2xj&export=download
Bean_etal_JAE_2014.pdf,https://drive.google.com/uc?id=0B6h76f2Zop53bzh6dWtfYXdRcUpmWEdWN0hzQWxEb1RTS1BF&export=download
Griffin_Anchukaitis_2014.pdf,https://drive.google.com/uc?id=0B6h76f2Zop53N0FhUFBYdUFoMzNISTFUS01KQ3BGV2JoTTU4&export=download
Bean_etal_WSB_2012.pdf,https://drive.google.com/uc?id=0B6h76f2Zop53NEN0Qm5QTVRtRURHazVFVTEyVXZmZ0xtaURN&export=download
prugh&brashares j an ecol 2011 online early.pdf,https://drive.google.com/uc?id=0B6h76f2Zop53cFpTUlF2N0lnc1hTak9XNFY3YnlBSFhMNWU0&export=download
Westphal et al PLoS ONE 2016.PDF,https://drive.google.com/uc?id=0B6h76f2Zop53dE1NZW9Hek1PTWUxbmRmRTYySnIyY21TQU1v&export=download
aa_README_fallowing.txt,https://drive.google.com/uc?id=0B6h76f2Zop53LTlHLWtqSDJSaTQ&export=download
FarmlandClasses.pdf,https://drive.google.com/uc?id=0B6h76f2Zop53cmI5M2NjMjRFMzQ&export=download
ConservationValue.pdf,https://drive.google.com/uc?id=0B6h76f2Zop53X2RXb3JpXy00ZkE&export=download
BluntNoseLeopardLizardHabitat.pdf,https://drive.google.com/uc?id=0B6h76f2Zop53aGJvbGN1NE9IV1k&export=download
SoilSalinity.pdf,https://drive.google.com/uc?id=0B6h76f2Zop53MnpXaTktc2xMQTg&export=download
SJKitFoxHabitat.pdf,https://drive.google.com/uc?id=0B6h76f2Zop53aHpQc292dXZkTDQ&export=download
Fallowing.pdf,https://drive.google.com/uc?id=0B6h76f2Zop53YzMzQW5wZkJpclU&export=download
MA_veg_transect_points_2015_Cline.xlsx,https://docs.google.com/document/d/1ksZI3pP-CbAR2jYcVMq_3zmlGIPmkGu30XZ3McAqLog/export?format=pdf
Area A North.pdf,https://drive.google.com/uc?id=0B6h76f2Zop53dFR3MllqQVFxeEk&export=download
transect_kmz.xlsx,https://drive.google.com/uc?id=0B6h76f2Zop53RUFvV2c0YWdDT1k&export=download
MA_veg_transect_points_2015_Cline.xlsx,https://drive.google.com/uc?id=0B6h76f2Zop53V3p3VTZ2cXYtWWs&export=download
map_may_14.JPG,https://drive.google.com/uc?id=0B6h76f2Zop53N0dTN0lvSklDUG8&export=download
map_may14_2nd.JPG,https://drive.google.com/uc?id=0B6h76f2Zop53cVlXUkwwM1Rlemc&export=download
map_may_14_3rd.JPG,https://drive.google.com/uc?id=0B6h76f2Zop53Zl8td1UwbTdGeHc&export=download
map_may_14.JPG,https://drive.google.com/uc?id=0B6h76f2Zop53SWk3U1RyOHRHeVk&export=download
May13th.kmz,https://drive.google.com/uc?id=0B6h76f2Zop53YVRKNlJCZ1ExaUE&export=download
