"","pic","ddownlink1"
"1","004_1",""
"2",NA,""
"3","006_2","https://drive.google.com/uc?id=1LChhehQadgkYQ2CMvGiosSE5BeaOjhVK&export=download"
"4","007_1","https://drive.google.com/uc?id=12cTxYabPs-pkfAMV9H8fReeUBZlnhz3A&export=download"
"5","008_2","https://drive.google.com/uc?id=1azFWwk6a84EMeexeYl_8QHNOX-BAO6GK&export=download"
"6","009_3","https://drive.google.com/uc?id=1EV41xgT7iMJqAr2Ds8GR-aZuXBJmTBVT&export=download"
"7","010_4","https://drive.google.com/uc?id=1zt2994PsGe-9AtpwSms-dDfjAG_ivGiR&export=download"
"8",NA,""
"9",NA,""
"10",NA,""
"11",NA,""
"12",NA,""
"13","016_2-016_3-016_4","https://drive.google.com/uc?id=1vUAYm0QeEZGmqMzxw9A7mmJ7K5l5KJhx&export=download"
"14","017_1-0_17_2:017_5-017_alders-017_P3-017_alders_2","https://drive.google.com/uc?id=1vYoNlG9z3Ba4iM0uwJyjwi7Z2Qc0glWW&export=download"
"15",NA,""
"16","019_1:019_13","https://drive.google.com/uc?id=1H88nq7wJtRdanL0FZj2rDoDxRlztj432&export=download"
"17",NA,""
"18","021_1-021_2","https://drive.google.com/uc?id=1Gi4V9VljuBID5hdjodiawfEjme2dcbcj&export=download"
"19",NA,""
"20","023_1:)23_3","https://drive.google.com/uc?id=1GAx0-4aYYdnxsfJUjX-0txSz8DWtaeem&export=download"
"21",NA,""
"22",NA,""
"23",NA,""
"24",NA,""
"25","028_4","https://drive.google.com/uc?id=1N8ds95QKD36nP1VCtmjNzJpSM4j-gfxW&export=download"
"26",NA,""
"27",NA,""
"28","031_jaw_4","https://drive.google.com/uc?id=1RpmTu2JG4eVBHCSFLsdyaQJTlHUaIufP&export=download"
"29",NA,"#N/A"
"30",NA,"#N/A"
"31","034_2","https://drive.google.com/uc?id=1XseZ8QNgVk0NfYatE_ZrnLsT-GDCBMmQ&export=download"
"32","035_1","https://drive.google.com/uc?id=1W2lTMRio0SYLP5IyVIMkDyDgjLVgPlSK&export=download"
"33","036_1","https://drive.google.com/uc?id=1OfbCMXJqoZ7bcFEan1f3HUuLIwYiCZE4&export=download"
"34",NA,"#N/A"
"35","038_McCash_Ridge","#N/A"
"36","tracks_near_hells_sandy_junction","#N/A"
"37","040_1","https://drive.google.com/uc?id=1IjTd25W5hOmYeV9K278dFCwomDfUVM8C&export=download"
"38","041_1","https://drive.google.com/uc?id=1ajOwa6GRS8QzAVf1M3_XST8ybGyjV6y6&export=download"
"39","042_1","https://drive.google.com/uc?id=1jqilhHQ3NrXtfOfyCBRWQeS2rTzMdNzs&export=download"
"40","043_2","https://drive.google.com/uc?id=1pgxX4oHCzecxOnxoz8OiRoRbdo7hMhaS&export=download"
"41",NA,"#N/A"
"42","045_2","https://drive.google.com/uc?id=1Wgizxmm7tS7gZkybhCdig9CGxkUDhOHT&export=download"
