Direct_Links,https://docs.google.com/spreadsheets/d/1paVbhCGBi_FSoZPYUFCKvVsvYJpCq1_kgBVXOYinqc8/edit?usp=drivesdk
track_to_geocode.jpg,https://drive.google.com/file/d/1kSCJtmpbBo7z7Lu34_ZJBaemb-1uD_on/view?usp=drivesdk
gordon_pano.jpg,https://drive.google.com/file/d/1TbE0eTJT0lvuGSvyDfznYvNHmh25jQ77/view?usp=drivesdk
072_1.JPG,https://drive.google.com/file/d/1ZdzYcqAyjr2KfEerUzGWHquiCGIR9RT3/view?usp=drivesdk
056_mountain_lion.jpg,https://drive.google.com/file/d/1Fw3Tc5xNtLWKfJJGny4ufWVhV940bCuv/view?usp=drivesdk
056_elk_bedded_down.JPG,https://drive.google.com/file/d/13JeZ8yNCnQrfKiyg823MnaDVS4cd2KSB/view?usp=drivesdk
055_herd_walking_away.JPG,https://drive.google.com/file/d/1lA6pJb2ts3wd7cWTnY0VPApN-HMZNmMs/view?usp=drivesdk
054_herd_foraging.JPG,https://drive.google.com/file/d/1ycrrS7-rDLEdfjHPrPzBa2sjAI1xator/view?usp=drivesdk
053_unk_plant_2.jpg,https://drive.google.com/file/d/1tjkkXVbDb0fFxjgMcbhqGjgQt73pyAJh/view?usp=drivesdk
053_track.jpg,https://drive.google.com/file/d/1m39CN-OEB2B4Rec-_bw_8Ode1iRtvFk_/view?usp=drivesdk
053_shrub_willow.jpg,https://drive.google.com/file/d/1igsxVB39vNw3iuhtZJg_NGdRm_TvXi2h/view?usp=drivesdk
053_plant_with_purple_fruit_structure.jpg,https://drive.google.com/file/d/1kb3rdwI7f9MbEszcgR_DqewJVFDBYJO-/view?usp=drivesdk
053_manzanita_terminals_browsed.jpg,https://drive.google.com/file/d/1kQWtV7K-1wC7NrFwrwV48UPAME-rncvd/view?usp=drivesdk
053_huckleberry_like.jpg,https://drive.google.com/file/d/13jpakrPCnxpjqMphgQ_IoaAUla-W4au1/view?usp=drivesdk
053_grass1.jpg,https://drive.google.com/file/d/1OhmA_RADWWmYa370APWgaSDxVwO7AreM/view?usp=drivesdk
053_cow.JPG,https://drive.google.com/file/d/1gXx4fVS9aUyyKoenqJjuvjCgXiPC_Vf6/view?usp=drivesdk
053_bull_with_antlers_removed.jpg,https://drive.google.com/file/d/1_949PfQVUeo32SPP6q_fvjmtCKlHc_-f/view?usp=drivesdk
053_browse.jpg,https://drive.google.com/file/d/112vF-Rg5N-abcbCtq6mYtvncvHBPrY_P/view?usp=drivesdk
053_bed_in_grass.jpg,https://drive.google.com/file/d/1zebm4N1lWH-8SNuNvhaY67UIMpxzf-Cf/view?usp=drivesdk
053_5_mins_after_browse_test.jpg,https://drive.google.com/file/d/1A1swFmWxhU3C6AvRfGzxPH4Uk8jDI9AX/view?usp=drivesdk
053_1.JPG,https://drive.google.com/file/d/1CRWupvp8UDRpgIkSt8cM7x5vFO0nUO1g/view?usp=drivesdk
052_urine_stain.jpg,https://drive.google.com/file/d/1J6HeIhc5hqqHSZrG83T5LokhbjI-k8rI/view?usp=drivesdk
052_fur_texture_enhanced.jpg,https://drive.google.com/file/d/1wV3eltNnoqhvKIsWht8l4TaaUzBb_Bvi/view?usp=drivesdk
052_fur_texture_3.jpg,https://drive.google.com/file/d/1nsLHKNwnJoCXjMVqZLHcQdBUdKFEo6zu/view?usp=drivesdk
052_fur_texture.jpg,https://drive.google.com/file/d/14QYOLhZVAWBandYk5lLwaJ_sf99igsxx/view?usp=drivesdk
052_bed_with_front_track.jpg,https://drive.google.com/file/d/1i9CqEzlQXUtARqEg7stlVqbeOTRhJjAZ/view?usp=drivesdk
052_bed_track_urine_stain.jpg,https://drive.google.com/file/d/10kE0spwoksgSuRIbeyD9FXlXGtGvyHly/view?usp=drivesdk
051_3_browsed.jpg,https://drive.google.com/file/d/1oUKoyjDrSIpW0haua_w2hfng87Pn87df/view?usp=drivesdk
051_1.jpg,https://drive.google.com/file/d/1bq2Yu8g0yKqnYpK8bO--O36PzpvXoaU8/view?usp=drivesdk
050_scat.jpg,https://drive.google.com/file/d/1lpma9hrc6x5HTMdJEYbALqQ-Ol_lMo4M/view?usp=drivesdk
050_1.jpg,https://drive.google.com/file/d/11dFVTC7dVk8dyXBEYqAKe5eWS8HlljHZ/view?usp=drivesdk
048_scat_with_beetles.jpg,https://drive.google.com/file/d/1EpuU8GcHuCTWd0PlJ40tfwI7E5Hgis60/view?usp=drivesdk
046_fresh_scat.jpg,https://drive.google.com/file/d/1WWKfz-AR85k0uPdfjClqvDQACzFMeZnJ/view?usp=drivesdk
038_panoramic.jpg,https://drive.google.com/file/d/1RdXdZsRPPobixrq5AN3GaH1FhwF58Eg1/view?usp=drivesdk
038_McCash_Ridge.jpg,https://drive.google.com/file/d/1lBl1wPr6DfRmxsSY3es61qR7EaloLvAr/view?usp=drivesdk
013_1.jpg,https://drive.google.com/file/d/1xyVwRdZ3k5iTD0-olR9i-lNxxBZULKPC/view?usp=drivesdk
051_2.jpg,https://drive.google.com/file/d/132WXAZZ6MeJgiE97eNi64CKX7mHaVtkW/view?usp=drivesdk
ukonom_lake.jpg,https://drive.google.com/file/d/1sxtXpXJA-1FZLAaU4vw8YTFG0AexFiz7/view?usp=drivesdk
flower_head_grass1.jpg,https://drive.google.com/file/d/1pW92joetULyW8L5YJdTV7I3_MvBuTrcq/view?usp=drivesdk
053_5_mins_of_browse.jpg,https://drive.google.com/file/d/1EPiSr1_I3kKuuo2kNwu63NiOi0TEeN5D/view?usp=drivesdk
bald_eagle.jpg,https://drive.google.com/file/d/11cmeDkNb9Fjsg1cPKKlGeGPvWsGDmZCk/view?usp=drivesdk
089_1 (1).JPG,https://drive.google.com/file/d/1cR54vGNkPE-4cPBMFuSUG6Ud5usQJ206/view?usp=drivesdk
unk (2).JPG,https://drive.google.com/file/d/1lNNMfI4kNWgWDDf9mlyhbn84NVkFUCC2/view?usp=drivesdk
unk (1).JPG,https://drive.google.com/file/d/1YCHP32ATM9rxqfRWKPuRW-_ThadeLoul/view?usp=drivesdk
scenic (11).JPG,https://drive.google.com/file/d/1GSci8aCscfN_Q245XQdojAItybfVbX05/view?usp=drivesdk
scenic (10).JPG,https://drive.google.com/file/d/1qRkV62fRlF35XSZ1gySZXZkfoq5Z_yan/view?usp=drivesdk
scenic (9).JPG,https://drive.google.com/file/d/1-68VrVuQdMLnIf6HA5D1m1JQ23r_joAA/view?usp=drivesdk
scenic (8).JPG,https://drive.google.com/file/d/105OeykZVfCKg-ecLh7pVyinkXxJLgf7n/view?usp=drivesdk
scenic (7).JPG,https://drive.google.com/file/d/1gXI7isQhOEnFcPLWswQGaFwrQ4sF_Ja1/view?usp=drivesdk
scenic (6).JPG,https://drive.google.com/file/d/1V-5MXPLdVuuIWyUQzaCwPNiOOROypL_N/view?usp=drivesdk
scenic (5).JPG,https://drive.google.com/file/d/1o9c9NtAS4ESlkBmycoxDUxXiX7PxVhnv/view?usp=drivesdk
scenic (4).JPG,https://drive.google.com/file/d/1xNKfcxh3lQqzEl6nM11bCOsxJKi2vaZB/view?usp=drivesdk
scenic (2).JPG,https://drive.google.com/file/d/1-PoTt9SfjvXTVnPgii_J7n0AX4kRUSdt/view?usp=drivesdk
scenic (1).JPG,https://drive.google.com/file/d/1Qgct8gCDL1ViZ2nt7R3qe7zHHXWzH9PF/view?usp=drivesdk
IMG_4450.JPG,https://drive.google.com/file/d/13mAoqmcHzQiZ4r2YzyVTu5rF5eHdQsvx/view?usp=drivesdk
IMG_4449.JPG,https://drive.google.com/file/d/1HtwBZEnsMLVW7n-RidrJSPbsHKNC7VUK/view?usp=drivesdk
IMG_4448.JPG,https://drive.google.com/file/d/1E-mDQklYALrEOvoV6bviGZjvt9gJlsEb/view?usp=drivesdk
IMG_4426.JPG,https://drive.google.com/file/d/15hPj3UQom5YUD-VlAcF9oZcwt5LISBwU/view?usp=drivesdk
IMG_4416.JPG,https://drive.google.com/file/d/15rE0QiQYSToWdyfZ63rJl_fT7-me6N5Y/view?usp=drivesdk
IMG_4415.JPG,https://drive.google.com/file/d/1E33VtJAESyQZ9hxIBAF2KGUoecgAWNQz/view?usp=drivesdk
IMG_4414.JPG,https://drive.google.com/file/d/1w4D5eg-dfzDmdFbLheHwdX-8l3MG3NGB/view?usp=drivesdk
IMG_4390.JPG,https://drive.google.com/file/d/1Mxi4lR_kcHMhqlbb_-5esaVT4GjWo2-b/view?usp=drivesdk
IMG_4374.JPG,https://drive.google.com/file/d/1tpHrneJQRIDeOjyOMgI5TGJjAFe2J3d4/view?usp=drivesdk
IMG_4368.JPG,https://drive.google.com/file/d/1yoH6Yt6HHZGByN6jklSnBSXWXFMrYNET/view?usp=drivesdk
IMG_4367.JPG,https://drive.google.com/file/d/1vaQ6U6HM_gkP6qQCObVPsipmWbjRCgfB/view?usp=drivesdk
IMG_4366.JPG,https://drive.google.com/file/d/1xmGishHo0eYIqmG9_oiDdovqYnoiXShA/view?usp=drivesdk
IMG_4365.JPG,https://drive.google.com/file/d/10h-irtgrqsw_9js_u1Tt2cxOa87rG9-v/view?usp=drivesdk
IMG_4364.JPG,https://drive.google.com/file/d/105igGEwcn64ho59vJPl4cY_NnUXgpqMC/view?usp=drivesdk
IMG_4363.JPG,https://drive.google.com/file/d/12L6wtdaGRoof4yOV_F436C9Tbc3D0mVX/view?usp=drivesdk
IMG_4362.JPG,https://drive.google.com/file/d/1-4qhYcFTtPK6oPmCe2lgfrUY0Lbi3lVt/view?usp=drivesdk
IMG_4360.JPG,https://drive.google.com/file/d/1xWuPozPG-TDK_ST3r3ObtOf53zLiL5Ie/view?usp=drivesdk
IMG_4353.JPG,https://drive.google.com/file/d/1Kgd76k9mca15PRFQCBgcr6jfjiGJ5o8p/view?usp=drivesdk
IMG_4352.JPG,https://drive.google.com/file/d/1DhXcehZPo53jhkIhAomoQrTT9IiSspEe/view?usp=drivesdk
IMG_4349.JPG,https://drive.google.com/file/d/1_F53gjz_hg_zYuJjAkgqyEYrdHfKxrv1/view?usp=drivesdk
IMG_4346.JPG,https://drive.google.com/file/d/1Z0eULfmKW4d7TMkMQWexRQtsXoL88l5w/view?usp=drivesdk
IMG_4341.JPG,https://drive.google.com/file/d/17HQMoiwTpyH42CKmFW-pSwWGJDWNDhUL/view?usp=drivesdk
IMG_4340.JPG,https://drive.google.com/file/d/1WzIi340Yq0PjNUPTjvyqnCj82zo-SVYm/view?usp=drivesdk
IMG_4339.JPG,https://drive.google.com/file/d/1yPrGfjZami0Ra6f2SChNeL5V4ZYmC7GN/view?usp=drivesdk
grouse_ (4).JPG,https://drive.google.com/file/d/11_oZHEQwp37wu4O-uoapJ1g9XsWCGjdC/view?usp=drivesdk
grouse_ (3).JPG,https://drive.google.com/file/d/1TtWc8b0NC9TQ4x0LoaMPSg4Ii89Pi1L8/view?usp=drivesdk
grouse_ (2).JPG,https://drive.google.com/file/d/156URK0mYBOT1Mhh_JBDwot73UkuPrM4z/view?usp=drivesdk
grouse_ (1).JPG,https://drive.google.com/file/d/17ldqq36fRiqPbNrj5dShlQnURUfdgipC/view?usp=drivesdk
bobcat_by_Klamath_river (2).JPG,https://drive.google.com/file/d/1FkuvHe9qYvrSwSqfiQyFff8TX9rdnV2N/view?usp=drivesdk
bobcat_by_Klamath_river (1).JPG,https://drive.google.com/file/d/1yC1lMFTb4AmszL9dI5btiZgTR-a6iJjF/view?usp=drivesdk
bear_coyote_tracks (9).JPG,https://drive.google.com/file/d/10W-9swLBH9YPedi-v2CsjX3KBcG_T7om/view?usp=drivesdk
bear_coyote_tracks (8).JPG,https://drive.google.com/file/d/17fN9ccya3CxdbhQtGWclb77-9-EqKe9Y/view?usp=drivesdk
bear_coyote_tracks (7).JPG,https://drive.google.com/file/d/1Uy6GNu86V0DS3zm2bcHI80h7gZfPnc5a/view?usp=drivesdk
bear_coyote_tracks (6).JPG,https://drive.google.com/file/d/1CZ58_rP_ypU-XiV0TktoJ7ivE67W6Z0b/view?usp=drivesdk
bear_coyote_tracks (5).JPG,https://drive.google.com/file/d/1eFLhGhf6SyyQzTa9aYHTvB72il3aWHh3/view?usp=drivesdk
bear_coyote_tracks (4).JPG,https://drive.google.com/file/d/1f0xjFTHBLj0zQUarxA4TgWEEouxCf2OU/view?usp=drivesdk
bear_coyote_tracks (3).JPG,https://drive.google.com/file/d/1geL6Z9MpQ9orLug7CiiVF6WD9S40v71M/view?usp=drivesdk
bear_coyote_tracks (2).JPG,https://drive.google.com/file/d/1dLztmlpKqtqVFxoivawIlEhT-XuewjT8/view?usp=drivesdk
bear_coyote_tracks (1).JPG,https://drive.google.com/file/d/1kfKskZ3MyRWuVZskNfcXIsbe9iW7u9eB/view?usp=drivesdk
125_1_ash (3).JPG,https://drive.google.com/file/d/13wFznaogFGlRadadDbRaQFuo-DrlBrTp/view?usp=drivesdk
125_1_ash (2).JPG,https://drive.google.com/file/d/1raZSBFIB8NtUTIG_-a_K0lOjc73LJ9_s/view?usp=drivesdk
125_1_ash (1).JPG,https://drive.google.com/file/d/1IqX-sb_0zUTc5h0sKSrAftfumEyc4ygo/view?usp=drivesdk
122_potential_bed (3).JPG,https://drive.google.com/file/d/1ca6KjrqD-MpLA4V13oZ6CkjJiYWbOwWb/view?usp=drivesdk
122_potential_bed (2).JPG,https://drive.google.com/file/d/1eHwCbYquW-iTkX8P3LnHPEJMUcLGFn7K/view?usp=drivesdk
122_potential_bed (1).JPG,https://drive.google.com/file/d/1Tb2ONzjxnioxuibgYX7bSafNPzjQg-mL/view?usp=drivesdk
121_1 (6).JPG,https://drive.google.com/file/d/1jenQ1N4FZiq_2gU1NvgJ0mUaTdATiszc/view?usp=drivesdk
121_1 (5).JPG,https://drive.google.com/file/d/1RVl4FrOqdQ6MIXhoUInRO5yZ0S3IDJJt/view?usp=drivesdk
121_1 (4).JPG,https://drive.google.com/file/d/1eIUpT-AmoZ_u3y7aCNc4HC6EySiH2mTn/view?usp=drivesdk
121_1 (3).JPG,https://drive.google.com/file/d/1SGAeDWLQdA8XnmfCj5NXDZYsE6qdom-R/view?usp=drivesdk
121_1 (2).JPG,https://drive.google.com/file/d/1Hhu2EPxSab_l2X-b3gslHD4kdbAfSY4-/view?usp=drivesdk
121_1 (1).JPG,https://drive.google.com/file/d/12vBWRH-Zg0P1pSDLZS1q30dbPzeySm7a/view?usp=drivesdk
119_1 (4).JPG,https://drive.google.com/file/d/1TN28pivd0Q2IcLa1Sztl2OLR1sjTnJWQ/view?usp=drivesdk
119_1 (3).JPG,https://drive.google.com/file/d/1oIw3XNvwDVAOURjPQRT5dtmI30R3xLob/view?usp=drivesdk
119_1 (2).JPG,https://drive.google.com/file/d/1p1br5tZFhHYbf2RGfvduiRWt9fGJDblf/view?usp=drivesdk
119_1 (1).JPG,https://drive.google.com/file/d/1i21QFayAmjfvC1JkjgNwV-6aLekvG-0J/view?usp=drivesdk
117_1 (5).JPG,https://drive.google.com/file/d/1B_3Ei3nedx-lkAFNWydhUD1AsFVnT9A-/view?usp=drivesdk
117_1 (4).JPG,https://drive.google.com/file/d/1fH_MYuA97ce-sj4mxOUQrwSERxayLhng/view?usp=drivesdk
117_1 (3).JPG,https://drive.google.com/file/d/1ytNs1rWuIxLKzWuqIuMEui5huNykzjOv/view?usp=drivesdk
117_1 (2).JPG,https://drive.google.com/file/d/1BGkU0Lni15kWwpqg1kODSP2XtFJypWf1/view?usp=drivesdk
117_1 (1).JPG,https://drive.google.com/file/d/1WuL6dnJNvwcxE6EZkpnrmM3fSaOjpXZw/view?usp=drivesdk
116_1 (8).JPG,https://drive.google.com/file/d/1ObzVzIlhfgiLwRBkXfxjautZyI-SqPzX/view?usp=drivesdk
116_1 (7).JPG,https://drive.google.com/file/d/1gA2b0FMmUs90HrJRfH2oifn1PWUSSdf0/view?usp=drivesdk
116_1 (6).JPG,https://drive.google.com/file/d/1SzfH6fXl7rbJcdH7s5OuZnqhtu99Z9Nx/view?usp=drivesdk
116_1 (5).JPG,https://drive.google.com/file/d/1aOlmYLLwHvQwjVOLJ01wBH3eYK-bArwJ/view?usp=drivesdk
116_1 (4).JPG,https://drive.google.com/file/d/1H_V-TDKqBrULiqMNZrqU1RuGs-nU3H_t/view?usp=drivesdk
116_1 (3).JPG,https://drive.google.com/file/d/1SMWCh97TNep5IznEpTNWa2bIpVRd-5MR/view?usp=drivesdk
116_1 (2).JPG,https://drive.google.com/file/d/1a4W4S6Nf-g8dJqS8nY9XDWBTfHZgC6Pu/view?usp=drivesdk
116_1 (1).JPG,https://drive.google.com/file/d/1GwYVDzI2tZK91WRbur6bs6rRc5RHHDOa/view?usp=drivesdk
113_1 (3).JPG,https://drive.google.com/file/d/1vE7Sn2wgJUC-yyK9V-UX-WHNVPNGbMea/view?usp=drivesdk
113_1 (2).JPG,https://drive.google.com/file/d/1DyDjrhqGmrS8b44iHFqO9W9dhuCva63V/view?usp=drivesdk
113_1 (1).JPG,https://drive.google.com/file/d/1L8MJzGJjCDpcAz9UlJdwDtNmAnPSBAz_/view?usp=drivesdk
112_1 (7).JPG,https://drive.google.com/file/d/1bgbv1lWZrzWZljKHY6fn7RLe4Sf8slXJ/view?usp=drivesdk
112_1 (6).JPG,https://drive.google.com/file/d/1dm07WuvlNf96tQN00g55iJWGHw3aEr78/view?usp=drivesdk
112_1 (5).JPG,https://drive.google.com/file/d/1ksJeZNNV5q9GiK2nWZerEnrdcGbHRtUC/view?usp=drivesdk
112_1 (4).JPG,https://drive.google.com/file/d/1VbVm4ZnqvdOnfQR620SzfFo6O9XBlN2f/view?usp=drivesdk
112_1 (3).JPG,https://drive.google.com/file/d/1iGacHiIS2JTL43E_b2KGenZHyXWivnYB/view?usp=drivesdk
112_1 (2).JPG,https://drive.google.com/file/d/1k9HNkg6K4rn6lV_2qkREMFlcJ8JdnR_z/view?usp=drivesdk
112_1 (1).JPG,https://drive.google.com/file/d/13arzQDsyIg2qU2BbqNJRBTghKr5Pb-sE/view?usp=drivesdk
110_1.JPG,https://drive.google.com/file/d/1vGOjmydWqiLSFH6KOZYLey_wARRP6LOV/view?usp=drivesdk
110_1 (13).JPG,https://drive.google.com/file/d/11p-3M0AIRhUTNtLlSH733l6hp1Upi6E4/view?usp=drivesdk
110_1 (12).JPG,https://drive.google.com/file/d/1joo5_PAc3xqFCb8IbwAJPhqRxmd96sO8/view?usp=drivesdk
110_1 (11).JPG,https://drive.google.com/file/d/1Ig2na4kScogW4yUjLAQm-GX1B1bkwBaL/view?usp=drivesdk
110_1 (10).JPG,https://drive.google.com/file/d/11sXsyYXVDRKkkxtCjRiVXrnydWVXCm5U/view?usp=drivesdk
110_1 (9).JPG,https://drive.google.com/file/d/1ksqN53MVI30G8haOWnAKEaAsJj8M4GM_/view?usp=drivesdk
110_1 (8).JPG,https://drive.google.com/file/d/1Z26AhW-Kor-JUd9eJmgen-_7-hWfxYgk/view?usp=drivesdk
110_1 (7).JPG,https://drive.google.com/file/d/1Ym7gm8WFjnPa7b_Cd1dHszqsnpHYCfzM/view?usp=drivesdk
110_1 (6).JPG,https://drive.google.com/file/d/1Vl69bYxs6pORPi2Lm0HomFLDam6ZpzWX/view?usp=drivesdk
110_1 (5).JPG,https://drive.google.com/file/d/1-fzY8ksIJyI2SxprL07ATTJ06ln2PWws/view?usp=drivesdk
110_1 (4).JPG,https://drive.google.com/file/d/1-d9wcKSLOAwKN5HQHqLnwh7Hyu9I9eBl/view?usp=drivesdk
110_1 (3).JPG,https://drive.google.com/file/d/13XxDoDLLDFtyBLKGwMPp12kK_WDmSwBz/view?usp=drivesdk
110_1 (2).JPG,https://drive.google.com/file/d/1YUojtZAqtAWt6ssTOQFLb_r7I3e5Dt4m/view?usp=drivesdk
110_1 (1).JPG,https://drive.google.com/file/d/1gtJnhrMJy3S2EvxZuFh0mYz7F_T3XuYn/view?usp=drivesdk
106_1 (2).JPG,https://drive.google.com/file/d/16s6dd61bH4Caw7PmwPt6Ajd9fcJpS9uY/view?usp=drivesdk
106_1 (1).JPG,https://drive.google.com/file/d/1BIfLtc_fK75L7nYGDiAVHqgEZFD2i7fy/view?usp=drivesdk
103_2.JPG,https://drive.google.com/file/d/1CIOmGx55OsUdOu7KlprC7QbKgK8yWOuT/view?usp=drivesdk
103_1.JPG,https://drive.google.com/file/d/1lDIejBdJnBXKAux_WilRFza2VJ-tp-Ne/view?usp=drivesdk
102_1 (4).JPG,https://drive.google.com/file/d/1hzOPOqkycAJWw2ur0JPLaRekZOVMSkzB/view?usp=drivesdk
102_1 (3).JPG,https://drive.google.com/file/d/1Enr_6PtiqxR-jTL8LORRrixzAxmiYX2L/view?usp=drivesdk
102_1 (2).JPG,https://drive.google.com/file/d/1d4O2IW8HuQ07xkrsNehVxxxd0VPURhLG/view?usp=drivesdk
102_1 (1).JPG,https://drive.google.com/file/d/1SIoDFpLpxxvuNAHPY9fDmy9jTbDaE1KW/view?usp=drivesdk
101_1_real.JPG,https://drive.google.com/file/d/1ydHmoJE8ZJ5nf65lu_v7S9fuO-VNR4Md/view?usp=drivesdk
100_1 (4).JPG,https://drive.google.com/file/d/1wMu2axNBCc9RsrQ-S5zyoMH_Tdj-8Q5h/view?usp=drivesdk
100_1 (3).JPG,https://drive.google.com/file/d/1dHVJhCOGMzlzRY_lcNNxawZf4O3MVYnp/view?usp=drivesdk
100_1 (2).JPG,https://drive.google.com/file/d/1Ar486FykxzjWTtHmlE3GIXxtmJrQEwET/view?usp=drivesdk
100_1 (1).JPG,https://drive.google.com/file/d/1zMmivdqB9hJU-0QIVCIOUS-L-iLlhCaX/view?usp=drivesdk
099_1 (9).JPG,https://drive.google.com/file/d/1RQajat-Cy8stOJYIz7ql7pHtCp3HlW-S/view?usp=drivesdk
099_1 (8).JPG,https://drive.google.com/file/d/1QeGpcAjmGzUiS608IhpXRHKI1Xhl9YOC/view?usp=drivesdk
099_1 (7).JPG,https://drive.google.com/file/d/1Q3-kve0-w0K_-9m1UW84L97nkRc99ZXC/view?usp=drivesdk
099_1 (5).JPG,https://drive.google.com/file/d/1BhdxVgKp5jXmFmnhyz6PAqacS1cFHVCZ/view?usp=drivesdk
099_1 (4).JPG,https://drive.google.com/file/d/1D_xIQd_XsGf-fKptKNpbcmWjHkKNmxtZ/view?usp=drivesdk
099_1 (3).JPG,https://drive.google.com/file/d/19_9Rbp7aWz-UVuxwFLYEhXZ9pwYptkks/view?usp=drivesdk
099_1 (2).JPG,https://drive.google.com/file/d/1_V9G8KdoXhxtdtqIpmjBGlM0UWHx-lyS/view?usp=drivesdk
099_1 (1).JPG,https://drive.google.com/file/d/18VcTvtD_LRzU5IQwaj9vNQOXL-Ps04AI/view?usp=drivesdk
098_1 (6).JPG,https://drive.google.com/file/d/1m3pJKKAh4E1IUij5VAOvMd6rIhV86x7O/view?usp=drivesdk
098_1 (5).JPG,https://drive.google.com/file/d/1rthEC-Kr6RmjB9a6QpbhkhClxjZEDZEs/view?usp=drivesdk
098_1 (4).JPG,https://drive.google.com/file/d/1FclahwYr6rQ0tUinMUHohJlxDf6hnQJS/view?usp=drivesdk
098_1 (3).JPG,https://drive.google.com/file/d/1CQeO4r7vayzSzENE-W5ePHcPLsurGBIJ/view?usp=drivesdk
098_1 (2).JPG,https://drive.google.com/file/d/1YWDJ1EsDVc1dLmLM8tIwVmZ7sVE1HrGc/view?usp=drivesdk
098_1 (1).JPG,https://drive.google.com/file/d/1W366PIQTHozlvdKxT1lWrIhML6wEkbNt/view?usp=drivesdk
097_1 (22).JPG,https://drive.google.com/file/d/1oE5262dQMKr5B6UUwkWy4Aa6cuvONhGh/view?usp=drivesdk
097_1 (21).JPG,https://drive.google.com/file/d/1O4EeBTMrGVoNf8oFDIJD4DczaBzfpIOL/view?usp=drivesdk
097_1 (20).JPG,https://drive.google.com/file/d/1bZoe6wKz9eu7i-pl0H94bIK9SRU9Pr-F/view?usp=drivesdk
097_1 (19).JPG,https://drive.google.com/file/d/1DhgqPU2I5IgAOngHa1ph5y3L8yrFzk47/view?usp=drivesdk
097_1 (18).JPG,https://drive.google.com/file/d/1DUd5AJ5oiRG97Sxg-8D5BiZfYLmDBQkh/view?usp=drivesdk
097_1 (17).JPG,https://drive.google.com/file/d/1PH3vTpOidh2rzRBmpDuJhRoyuHN3JjzM/view?usp=drivesdk
097_1 (16).JPG,https://drive.google.com/file/d/1G0JIWn7O_c683pNIguu7wJmfOkzebLbY/view?usp=drivesdk
097_1 (15).JPG,https://drive.google.com/file/d/1vP-S8SZo3_O8SVrOOLN4Qf0zFBkAIy2M/view?usp=drivesdk
097_1 (14).JPG,https://drive.google.com/file/d/1-cNyOEQKBW8x2EGhbESqpdFU5Zwve2b-/view?usp=drivesdk
097_1 (13).JPG,https://drive.google.com/file/d/1BPJOMPhm-p_847mGKeslWPXgcLRzDg69/view?usp=drivesdk
097_1 (12).JPG,https://drive.google.com/file/d/18mBP38y3ZCYq5dXsChXjDEwj2gJK1zjX/view?usp=drivesdk
097_1 (11).JPG,https://drive.google.com/file/d/1tFnQaWHnRRRBIpuIhq3h3zAkY2LU60WX/view?usp=drivesdk
097_1 (10).JPG,https://drive.google.com/file/d/1rdWFonQFQuHMraEQJIjFkmvf3F5AIeyp/view?usp=drivesdk
097_1 (9).JPG,https://drive.google.com/file/d/1MxlJOAkWS2fV_MkMedy58fD-mqMy4dIX/view?usp=drivesdk
097_1 (8).JPG,https://drive.google.com/file/d/1QaQb4GVv_qroEENWF7C5RXhm_GZK7KPO/view?usp=drivesdk
097_1 (7).JPG,https://drive.google.com/file/d/1JSJNGukcoVSsEo0QwoYy2ljCGVbr7Y4H/view?usp=drivesdk
097_1 (6).JPG,https://drive.google.com/file/d/1410c97WW612tOZbiFHi0aJN7wn0QC1m2/view?usp=drivesdk
097_1 (5).JPG,https://drive.google.com/file/d/1HNntEn6C0vDluhUcHkyl_bX7aNwoOSAW/view?usp=drivesdk
097_1 (4).JPG,https://drive.google.com/file/d/1luIKgXyBWxxd06wZwt3wi2JqsCrnEtAF/view?usp=drivesdk
097_1 (3).JPG,https://drive.google.com/file/d/1oQ8au1mar0J5CkdEfushKeVopdBfRE0e/view?usp=drivesdk
097_1 (2).JPG,https://drive.google.com/file/d/1yzyQMqiVs2A9O31-bEkETwzQdodS12Ht/view?usp=drivesdk
097_1 (1).JPG,https://drive.google.com/file/d/1z_VNRgW1wtif8lCBHsub4aeP0P4_oFVp/view?usp=drivesdk
096_1 (3).JPG,https://drive.google.com/file/d/1VXGgcg_cgvs5K3C4eoKE4k602kmTgNDm/view?usp=drivesdk
096_1 (2).JPG,https://drive.google.com/file/d/1VFzm8ARcXGRqfeXCWTaXquECoYTwxCKc/view?usp=drivesdk
096_1 (1).JPG,https://drive.google.com/file/d/1ZiMeP1H5o6fBp1fj8tdyBgQ1VA2BELlm/view?usp=drivesdk
095_1 (8).JPG,https://drive.google.com/file/d/12-IoRPzyCIpmd8W9uiNZPdeX0sblXmqD/view?usp=drivesdk
095_1 (7).JPG,https://drive.google.com/file/d/1yUfkTKuYtkwVKspZXYJCqLzJ21C5pTqx/view?usp=drivesdk
095_1 (6).JPG,https://drive.google.com/file/d/1KxSioj3ZWVHeLrVUG-4zVMN_ItlwgD7K/view?usp=drivesdk
095_1 (5).JPG,https://drive.google.com/file/d/1vvToUoT4q2Nj9KhHKPcLqS-LTJd5Q8uG/view?usp=drivesdk
095_1 (4).JPG,https://drive.google.com/file/d/1dWqoCDK_MCrgSdub9Tx2ayHxdCLWhw3G/view?usp=drivesdk
095_1 (3).JPG,https://drive.google.com/file/d/1i7Hnr8BGN4bRHsS2-FwYLqK8jSoaD7CD/view?usp=drivesdk
095_1 (2).JPG,https://drive.google.com/file/d/13v-TOVDGcyBI-MWL0ai8Mn9wWEtB6DNy/view?usp=drivesdk
095_1 (1).JPG,https://drive.google.com/file/d/1Kc7ok3oXCp6e2BSQFpVcOEs2hMlrfSWR/view?usp=drivesdk
093_1 (10).JPG,https://drive.google.com/file/d/1qlXgP_2rcbzSQIVPs-cXpLBfoeQ7ySUs/view?usp=drivesdk
093_1 (9).JPG,https://drive.google.com/file/d/1Mzx50fWwVUMfKCYElQlF7aew8E-Er9Jf/view?usp=drivesdk
093_1 (7).JPG,https://drive.google.com/file/d/1nXtofUegp9i0kfpPsIx11S23fe8z73Ad/view?usp=drivesdk
093_1 (6).JPG,https://drive.google.com/file/d/1Zs3FHa0W1k2F7Mj_iD9wuCZTumKcPUsG/view?usp=drivesdk
093_1 (5).JPG,https://drive.google.com/file/d/19IYorWqSwSWvvUBz3CGaoajAMsF69Xw7/view?usp=drivesdk
093_1 (4).JPG,https://drive.google.com/file/d/1l4tuBVl1LGrvJ2Db4wE5IXjEJmt3l3-N/view?usp=drivesdk
093_1 (3).JPG,https://drive.google.com/file/d/1NN6LxHSXVSLr1C4bKUzN1rvXpy-nCH3g/view?usp=drivesdk
093_1 (2).JPG,https://drive.google.com/file/d/1L3kHRMzARCRgSOpBtzB_ESV4QUk44pit/view?usp=drivesdk
093_1 (1).JPG,https://drive.google.com/file/d/1_r7dkDRdZrfMLEC8ig_gFJVuDvERbCRi/view?usp=drivesdk
092_1 (3).JPG,https://drive.google.com/file/d/1DQ_xZa0_EhVAgN9zs6e00saODgm-U69W/view?usp=drivesdk
092_1 (2).JPG,https://drive.google.com/file/d/1sYaRLluf6D8ecnqYxnP2vsM0X6aeXQKl/view?usp=drivesdk
092_1 (1).JPG,https://drive.google.com/file/d/1BZ8poDdF_qrsriqqATLMXWpKu0rEKI5T/view?usp=drivesdk
091_1 (33).JPG,https://drive.google.com/file/d/1q_p-n7YhlGw6e8dRxTU3bwUflIUpVp_e/view?usp=drivesdk
091_1 (32).JPG,https://drive.google.com/file/d/1yh3zrqM6NEG0OWpNaNdPrvWd5dTLdulp/view?usp=drivesdk
091_1 (31).JPG,https://drive.google.com/file/d/1HqL919qQX5tRE5joHOPocAUkC4Os6Qc8/view?usp=drivesdk
091_1 (30).JPG,https://drive.google.com/file/d/1LfkpkOEGItL1VS3g_xosFNd2v0OoqkTS/view?usp=drivesdk
091_1 (29).JPG,https://drive.google.com/file/d/1yVR9lOmODLXYgrXbNJxf4xkCSmxgbZjQ/view?usp=drivesdk
091_1 (28).JPG,https://drive.google.com/file/d/1pyFqJPe9TVPfFwGiH30Q4j4Z_A1lY-PR/view?usp=drivesdk
091_1 (27).JPG,https://drive.google.com/file/d/1uUMGKBYdsTPBMYgoKz_ePDDRZjs-rJri/view?usp=drivesdk
091_1 (26).JPG,https://drive.google.com/file/d/1uhuk6QrwtC1PcCGQXLCdimoMSCYD-bIB/view?usp=drivesdk
091_1 (25).JPG,https://drive.google.com/file/d/1f8L4jM6qpb3KBOGEcGyGy985m_cse0Y5/view?usp=drivesdk
091_1 (24).JPG,https://drive.google.com/file/d/1gataQjbW1oqwhkffalOTIeGk9Dk7Xa_B/view?usp=drivesdk
091_1 (23).JPG,https://drive.google.com/file/d/1RTex_t9_nUx_iq9WS5wumyQ0PQ4j4rmw/view?usp=drivesdk
091_1 (22).JPG,https://drive.google.com/file/d/1C_SJlrZpTv4CG9XPIKWFa21vF80osUW8/view?usp=drivesdk
091_1 (21).JPG,https://drive.google.com/file/d/1VOVEsHluv9nISArKXR9_0M3xmRHJ3ZYw/view?usp=drivesdk
091_1 (20).JPG,https://drive.google.com/file/d/1Q5muq-CCn29JUE0xBR09TUqabhkMtp9U/view?usp=drivesdk
091_1 (19).JPG,https://drive.google.com/file/d/1HLWYOq69KaVBGH70G0-QYHec-sx8bl2K/view?usp=drivesdk
091_1 (18).JPG,https://drive.google.com/file/d/1eUPRCIw5A6MsDBzQZrY2KGM0l7x2nW3L/view?usp=drivesdk
091_1 (17).JPG,https://drive.google.com/file/d/17ntml1togMb9Oca4dFSPO_-CpJkEBLe4/view?usp=drivesdk
091_1 (16).JPG,https://drive.google.com/file/d/1pELI_Yb8o6C6rCot0RC9oGLKAFmAm_QN/view?usp=drivesdk
091_1 (15).JPG,https://drive.google.com/file/d/1TuSNp8-o5Bc4tgluSMs2f6X1-pR2UA0A/view?usp=drivesdk
091_1 (14).JPG,https://drive.google.com/file/d/1f4rVOC_4nUSDi8TeK89GHuUSNwtAnDhs/view?usp=drivesdk
091_1 (13).JPG,https://drive.google.com/file/d/1NQbV-Xbhdb6D2tyYHNPmEcZ6wHZ-wIAe/view?usp=drivesdk
091_1 (12).JPG,https://drive.google.com/file/d/1Fz9_gWN0XwTuSHcdf97A9we8oS2KiLo3/view?usp=drivesdk
091_1 (11).JPG,https://drive.google.com/file/d/1N3Rx8rZfeLeay4N555IfG7AHBj3Y3P5f/view?usp=drivesdk
091_1 (10).JPG,https://drive.google.com/file/d/1p2cM0q5BY-Z99ObNrVHLzuK13k28bSrO/view?usp=drivesdk
091_1 (9).JPG,https://drive.google.com/file/d/1Wp0ZTXlfqK9ijUgxJ6Hbr3PelHl7kFr8/view?usp=drivesdk
091_1 (8).JPG,https://drive.google.com/file/d/1dGeyN1MD5ukMNbD3Y9EuflhzgSjdpkqK/view?usp=drivesdk
091_1 (7).JPG,https://drive.google.com/file/d/1rwuiP3Z_MkMiMI2_xm6jG1W7ZGm4SjEO/view?usp=drivesdk
091_1 (6).JPG,https://drive.google.com/file/d/1U_W_M3CjAgYhdWB7Nmxk4mvn0kN4ttX1/view?usp=drivesdk
091_1 (5).JPG,https://drive.google.com/file/d/1s5Yqss9wWO58hQRKwAMITpvwCqtGbPyh/view?usp=drivesdk
091_1 (4).JPG,https://drive.google.com/file/d/1kXmySBYqtJACWkk54Tbb-Ru5Fncf4FZs/view?usp=drivesdk
091_1 (3).JPG,https://drive.google.com/file/d/1JaAXAQhwZIL7Ph7xO_HLuSp2rsX3TjRf/view?usp=drivesdk
091_1 (2).JPG,https://drive.google.com/file/d/162Gbtfv6HTNbJ_1AUHgI6A7VgCU0VakN/view?usp=drivesdk
091_1 (1).JPG,https://drive.google.com/file/d/1sEDvOQ2m8Dx8Zhclr8Im5m-E62MrBUji/view?usp=drivesdk
090_1 (3).JPG,https://drive.google.com/file/d/1q5tnNOuAUk2gHc7TTr4f-VyX96hC7XUY/view?usp=drivesdk
090_1 (2).JPG,https://drive.google.com/file/d/1nO1BFL_T2zMFQC5IV9U31ECzqIVxthwB/view?usp=drivesdk
090_1 (1).JPG,https://drive.google.com/file/d/1URu-LTxxHIu4fqWw8PV60Uamla4jratq/view?usp=drivesdk
089_1 (8).JPG,https://drive.google.com/file/d/1Qpk5-Sh49_pSBqBs0Q1FakeJ8OGXom5F/view?usp=drivesdk
089_1 (7).JPG,https://drive.google.com/file/d/1xhWyMfmiiZzJg3jXiHTwG5pwmXKSOvAo/view?usp=drivesdk
089_1 (6).JPG,https://drive.google.com/file/d/1dayqFR9B8Fy03esgqf0tFC3Zesy5zGEG/view?usp=drivesdk
089_1 (5).JPG,https://drive.google.com/file/d/1UhRzU8yVPrboEt_pqx4gZavtovayKFkN/view?usp=drivesdk
089_1 (4).JPG,https://drive.google.com/file/d/1OlicQKe5NDNgIPRFWCq9NDUY9SpEtagc/view?usp=drivesdk
089_1 (3).JPG,https://drive.google.com/file/d/1jM3d4nkjdTaJSy1o1dqoAopsllN9KKw_/view?usp=drivesdk
089_1 (2).JPG,https://drive.google.com/file/d/1bA1i-RUQlZDX5232TE_LGYTUwxh75fhu/view?usp=drivesdk
young_ceon_2.JPG,https://drive.google.com/file/d/16RZvc6L_fS_YLUbS-0GCGTXDa8bSQRVN/view?usp=drivesdk
young_ceon.JPG,https://drive.google.com/file/d/11d6RNLe7lzNFEPAVYeerFJx83eLcu8UN/view?usp=drivesdk
unk_plant.JPG,https://drive.google.com/file/d/14frbXRBNGbNMbRPtTQnFJ27cybcCCWY6/view?usp=drivesdk
unk_piny_ground_cover.JPG,https://drive.google.com/file/d/10Wa7z3pxA0L7WOL87Ome5B4Ek5sgYCbO/view?usp=drivesdk
small_bear.JPG,https://drive.google.com/file/d/1mnTMtoJZeia-sbs5-u2MC2yB3DGjd7DL/view?usp=drivesdk
one_day_old_elk_tracks (5).JPG,https://drive.google.com/file/d/1cJ3pUVQPWdLHuI_v7bCSWqPjDxY37aBq/view?usp=drivesdk
one_day_old_elk_tracks (4).JPG,https://drive.google.com/file/d/1Nbn0H7IGoEHr_1dN1LGhlfUSxe5YrTsw/view?usp=drivesdk
one_day_old_elk_tracks (3).JPG,https://drive.google.com/file/d/1KA1lQszCY1RLY9AsG1G_zgyIv5yXUO9S/view?usp=drivesdk
one_day_old_elk_tracks (2).JPG,https://drive.google.com/file/d/1RQjPynJJByCZ8GAavRDAbfiw3ES0S0_U/view?usp=drivesdk
one_day_old_elk_tracks (1).JPG,https://drive.google.com/file/d/1evj4RTSKJZU1FBGhArydcy-DDWmQNVDa/view?usp=drivesdk
old_tracks_with_little_plants_ in_them.JPG,https://drive.google.com/file/d/1KoFSWsw0aH2Z5B8y9F9icRJ7lWhF68ts/view?usp=drivesdk
more_recent_fire_young_ceon.JPG,https://drive.google.com/file/d/1yVjKlK7tERgr55k6lnIvrMsJq04TcIH4/view?usp=drivesdk
more_recent_burn.JPG,https://drive.google.com/file/d/1bGDtHupLHhnJgbDH_KKxhRn84ZHDhtPD/view?usp=drivesdk
IMG_3132.JPG,https://drive.google.com/file/d/1B4y8cPqoDq0b3seDPc9gqA7qD3iWM3hw/view?usp=drivesdk
IMG_3131.JPG,https://drive.google.com/file/d/1UAzknZJ2j8Z92zNysZlAfp2Qfc2Tol2F/view?usp=drivesdk
IMG_3130.JPG,https://drive.google.com/file/d/1uRq-BIElb1pNhl_d4UHSc7Y97GBqHqZr/view?usp=drivesdk
IMG_3129.JPG,https://drive.google.com/file/d/1iwgBO4w5joZ4xhwLB-kxRvt6KP7ldvyI/view?usp=drivesdk
IMG_3128.JPG,https://drive.google.com/file/d/1FjGWTP6_dmeLdGF5RLEDLos9VJ26LwJs/view?usp=drivesdk
IMG_3127.JPG,https://drive.google.com/file/d/1MEIE_KtRjcaLRHEdMT4119SKNbua93SJ/view?usp=drivesdk
IMG_3126.JPG,https://drive.google.com/file/d/1ROnDWZOleazUfmv1nrXqSh_7Ob4uZHCA/view?usp=drivesdk
IMG_3125.JPG,https://drive.google.com/file/d/1xfL2_PWitB7CnfvxJtuJ9mG4JzGmEVX3/view?usp=drivesdk
IMG_3124.JPG,https://drive.google.com/file/d/1IWqaG1_w9qlNmBodI5l_TFlwSNDDtuYn/view?usp=drivesdk
IMG_3123.JPG,https://drive.google.com/file/d/1iaMgRKY7RUxEog6-BJg2IzwsbtZB8bxy/view?usp=drivesdk
IMG_3122.JPG,https://drive.google.com/file/d/1gY5QQkxyIHts4SH25pijKEPWc3Pn0HWh/view?usp=drivesdk
IMG_3121.JPG,https://drive.google.com/file/d/1tj8axus3dudcdwfqRGsL5rUC1WYMdTGO/view?usp=drivesdk
IMG_3120.JPG,https://drive.google.com/file/d/1bIbBCac1jvLHd5_kzCj6xNu9xfENzqFL/view?usp=drivesdk
IMG_3119.JPG,https://drive.google.com/file/d/1Q_9mJcgdUKm6a3G-oyt7Z1fqPlPlEiEM/view?usp=drivesdk
IMG_3118.JPG,https://drive.google.com/file/d/175s_3ktM-amUE9OdTErcUbLmAch9hvr1/view?usp=drivesdk
IMG_3117.JPG,https://drive.google.com/file/d/1AFjabCzcxRJDKimB2knbPXb1tPkQOCSR/view?usp=drivesdk
IMG_3116.JPG,https://drive.google.com/file/d/143w6NtaTmgAm0UuoP73LYZrEXFNz38_O/view?usp=drivesdk
IMG_3115.JPG,https://drive.google.com/file/d/1Q5gZoYL_GHzlFK0uZlJQEF4SxjmC5nDh/view?usp=drivesdk
IMG_3114.JPG,https://drive.google.com/file/d/1Zdhgelpinu58mLbUxgInxNlIDZcTzmRz/view?usp=drivesdk
IMG_3113.JPG,https://drive.google.com/file/d/1AnDoRnxno9erd9rHaVc3Xowi13ycE5sC/view?usp=drivesdk
IMG_3112.JPG,https://drive.google.com/file/d/15KANCwZy57lVmNqzTR9DRKfGPoxLB2ph/view?usp=drivesdk
IMG_3111.JPG,https://drive.google.com/file/d/13WbKO8vzsPFGwiJ6Dw-QAVQTSKuWzlj2/view?usp=drivesdk
IMG_3110.JPG,https://drive.google.com/file/d/1ujwVmRTzG6CatwLUlOqDSJBRLA2Xf3CO/view?usp=drivesdk
IMG_3109.JPG,https://drive.google.com/file/d/1PwY9c9lKMpjUt2utKXcDGJ1DS_GOgOQ0/view?usp=drivesdk
IMG_3108.JPG,https://drive.google.com/file/d/1TfnNBgKzneLZAJins88bbgDv6mg_ALEF/view?usp=drivesdk
IMG_3107.JPG,https://drive.google.com/file/d/1tdiis5NfP3OtioGEZoAns6t74rj3FpUv/view?usp=drivesdk
IMG_3106.JPG,https://drive.google.com/file/d/1W89NhhVnwvs0EXkIjqUPZn_iAH1e4TYp/view?usp=drivesdk
IMG_3104.JPG,https://drive.google.com/file/d/1BZ4BN6ITAprIqdmHbvgt8J1Bz3JLaIQ2/view?usp=drivesdk
IMG_3103.JPG,https://drive.google.com/file/d/1ab7f62AL6wPdbM-xEwFoIRf5Lalt9l9v/view?usp=drivesdk
IMG_3102.JPG,https://drive.google.com/file/d/1MjpL4VksQbplU-C-GolIMWOCyk0nALaK/view?usp=drivesdk
IMG_3101.JPG,https://drive.google.com/file/d/1j55Pcw9xSWGdCS1H4gybxuuYt0MxGuTq/view?usp=drivesdk
IMG_3100.JPG,https://drive.google.com/file/d/17G9MYkzXdUZv5ChHBVEYgxD9p4_gzYRH/view?usp=drivesdk
IMG_3099.JPG,https://drive.google.com/file/d/1MdLyVwE7e58LuEo-IRtoKF1R7E5bmQT0/view?usp=drivesdk
IMG_3098.JPG,https://drive.google.com/file/d/1zVithoWtY1v_y-ZIAE9TXEI5O8qW-OWR/view?usp=drivesdk
IMG_3097.JPG,https://drive.google.com/file/d/1x8tmKsvWU9sXkqkXzTFBnW_LGWg1EKPo/view?usp=drivesdk
IMG_3096.JPG,https://drive.google.com/file/d/1boF17YfbY5w772VrA1KO89XlYz-zs1TT/view?usp=drivesdk
IMG_3095.JPG,https://drive.google.com/file/d/13WrycgUthAXi-K0gGWtPhRpQR7hT69pN/view?usp=drivesdk
IMG_3094.JPG,https://drive.google.com/file/d/1d0ZFnoREZUtbiAgyFAYoWJNMRKbujPtT/view?usp=drivesdk
IMG_3093.JPG,https://drive.google.com/file/d/1WFuwGiubWg1nFZLTgFTQtV29dswUxTGS/view?usp=drivesdk
IMG_3092.JPG,https://drive.google.com/file/d/1WDogXj91De3LdpZe_VNcRHMwj4sfz-dt/view?usp=drivesdk
IMG_3091.JPG,https://drive.google.com/file/d/1NpEpGqzcpsQwXVD_8-4u84Neoxp7qtuu/view?usp=drivesdk
IMG_3087.JPG,https://drive.google.com/file/d/1g0x_vx55SLHr5FnhxhxAXBt780L4G5W5/view?usp=drivesdk
IMG_3086.JPG,https://drive.google.com/file/d/1_SdbV1jUPasVCRe2qY9ksnISsjDBVWKk/view?usp=drivesdk
IMG_3085.JPG,https://drive.google.com/file/d/1lWzI_BARx82ovpCU6iDRapo-feHI6gkH/view?usp=drivesdk
IMG_3084.JPG,https://drive.google.com/file/d/1lvQMgMTMcQASBl83OjeqykCCVdVA9rE5/view?usp=drivesdk
IMG_3070.JPG,https://drive.google.com/file/d/1RvXBBRsioSUUSfYMEwpoVPhrkigunAED/view?usp=drivesdk
IMG_3065.JPG,https://drive.google.com/file/d/172j2nuMsxchczbg4QBJQSsYIzOauc81v/view?usp=drivesdk
IMG_3062.JPG,https://drive.google.com/file/d/1TZ4JPo_57_Rz2MVFsgWmXdMhg27ZxeNF/view?usp=drivesdk
IMG_3061.JPG,https://drive.google.com/file/d/1WFX75U7-lMwlZOFVBaQtBoRZH4X10PN-/view?usp=drivesdk
IMG_3059.JPG,https://drive.google.com/file/d/17h4y76WNK71hQlic6K27msCjIR9p4kvE/view?usp=drivesdk
IMG_3058.JPG,https://drive.google.com/file/d/1nEyFYB3BZX4YgwzB78vfXByTenzF37PD/view?usp=drivesdk
IMG_3050.JPG,https://drive.google.com/file/d/1LfimW0V5EEhh7DZCrmnMQreuItbV4HHk/view?usp=drivesdk
IMG_3032.JPG,https://drive.google.com/file/d/1TOtg52SE9gOwH7HPPGaJU01r0BoDSnZQ/view?usp=drivesdk
IMG_3031.JPG,https://drive.google.com/file/d/1V3RILASdeQRT3THIG9MS1JxLo3M_qrVy/view?usp=drivesdk
IMG_3030.JPG,https://drive.google.com/file/d/1NRfUS3OK8G6_gVzpLzO4yyGvGLSeZxTm/view?usp=drivesdk
IMG_3029.JPG,https://drive.google.com/file/d/1N3vOxKw5VS51mT0-_UYOkZwjZ2ylufDm/view?usp=drivesdk
IMG_3025.JPG,https://drive.google.com/file/d/1ssTmsjfCDCl1S3n4n3VDgEjCWnoVLrtE/view?usp=drivesdk
IMG_2981.JPG,https://drive.google.com/file/d/1JMkLp6vOpS_sR-Udi0Y60cdqV4BE-xbI/view?usp=drivesdk
IMG_2980.JPG,https://drive.google.com/file/d/1XgHruKnR54vwEhAC1aEuHYm-_C7l4mwT/view?usp=drivesdk
IMG_2979.JPG,https://drive.google.com/file/d/1dUWnUy0UW6gLQKMT9f9BWdV4R0prtAkq/view?usp=drivesdk
IMG_2978.JPG,https://drive.google.com/file/d/1NeYd4IRilV_5N-4IHRddUdJmW98jrlUA/view?usp=drivesdk
IMG_2977.JPG,https://drive.google.com/file/d/127YzZpUdzpnPTxg7iqTdbG0Ekxqt1tLv/view?usp=drivesdk
IMG_2976.JPG,https://drive.google.com/file/d/1HhBHcUIb6qUH7vJ5zC2Qf8PTk99Y9x2g/view?usp=drivesdk
IMG_2974.JPG,https://drive.google.com/file/d/1aAgegYDkbIOAdsO7rTfMxrWV1MIQAo1s/view?usp=drivesdk
IMG_2972.JPG,https://drive.google.com/file/d/1j4E0mp1vfV690rigi3wnnTDMhx5S-4AG/view?usp=drivesdk
IMG_2971.JPG,https://drive.google.com/file/d/1DPl7WFGT8RHBk1s5daJzqTMX1lmkpLK8/view?usp=drivesdk
IMG_2970.JPG,https://drive.google.com/file/d/1sEWwrMqu2YNqwaJW6J2_v8yJlzfzN7dC/view?usp=drivesdk
IMG_2969.JPG,https://drive.google.com/file/d/1gBOLRPcax_ZgVi4r_HvNBUtbKozt7I__/view?usp=drivesdk
IMG_2968.JPG,https://drive.google.com/file/d/15BQE7stt6TJuQAOz8Jep8HF7VikVGEX7/view?usp=drivesdk
IMG_2965.JPG,https://drive.google.com/file/d/1ZITYlURs_8GIvcutrq6H9Wi3iFl4Ejdv/view?usp=drivesdk
IMG_2952.JPG,https://drive.google.com/file/d/1M_iCiLVt8Mxy6u2P3NpHUtLCq3bQhU2A/view?usp=drivesdk
IMG_2949.JPG,https://drive.google.com/file/d/1dboPxvGUTfBVVS6y0dLlxQ0oMDxyUUTb/view?usp=drivesdk
IMG_2941.JPG,https://drive.google.com/file/d/1ny5PDTQmx3Czo0l9lj4knZlifPLPDbCJ/view?usp=drivesdk
IMG_2935.JPG,https://drive.google.com/file/d/1lHBC83ytrytCeJwHg-8xOjsXly4Iq6W8/view?usp=drivesdk
IMG_2934.JPG,https://drive.google.com/file/d/1CAi5YeP6Wbpyvgs6MV94YjsUS8FQULLb/view?usp=drivesdk
IMG_2933.JPG,https://drive.google.com/file/d/15Jhu7Xg_vjgJPKHkGXcbM9edq4Y2GuKT/view?usp=drivesdk
IMG_2932.JPG,https://drive.google.com/file/d/1u1eRa8OsdNYtoZuNCTr1WdU94ta4A3pf/view?usp=drivesdk
IMG_2931.JPG,https://drive.google.com/file/d/1-5_gI8p6YzPzD4-wX49o4h5mk3lsPmHc/view?usp=drivesdk
IMG_2930.JPG,https://drive.google.com/file/d/1JkvwpPCnKb41cc21TkADI5fuBlD0WFXD/view?usp=drivesdk
IMG_2929.JPG,https://drive.google.com/file/d/11J-Ty3HcaUmchBnI9tCixSupaVSsjPcs/view?usp=drivesdk
IMG_2928.JPG,https://drive.google.com/file/d/19MF5uMZ6WJQY-1fyRapPymKJe5RIpuGW/view?usp=drivesdk
IMG_2927.JPG,https://drive.google.com/file/d/1WSahy1DuXL8vOBUyx3Xbznv0hTgk_X47/view?usp=drivesdk
IMG_2926.JPG,https://drive.google.com/file/d/1cQ7xKX6E4cr_bVwl_kN6oGHoylHFE3SI/view?usp=drivesdk
IMG_2925.JPG,https://drive.google.com/file/d/1ltYlpVS4kr1sXQ4vSwOl5uo8P0CkMy4f/view?usp=drivesdk
IMG_2924.JPG,https://drive.google.com/file/d/1eZZPhqvlDXQSLHDwTNDUsNamD236C-IB/view?usp=drivesdk
IMG_2923.JPG,https://drive.google.com/file/d/1-rmuIFfCbUgrY3pQW_FIEPUZlHGMPe1O/view?usp=drivesdk
IMG_2922.JPG,https://drive.google.com/file/d/1ys_6FBVCOKrW3Zt5BUQ9CbVf00MwqXVo/view?usp=drivesdk
IMG_2921.JPG,https://drive.google.com/file/d/1S_yIZ5XIYhGPALi9XUeb6G4bZOjMXpPt/view?usp=drivesdk
IMG_2920.JPG,https://drive.google.com/file/d/1jTCl7_2olNZTtqdhFYkIXCVp3-O392hr/view?usp=drivesdk
IMG_2912.JPG,https://drive.google.com/file/d/1_uoRBJJ-h68f0qzyliP72pJ3fxJ2bY05/view?usp=drivesdk
IMG_2908.JPG,https://drive.google.com/file/d/1eEK-zwzdA8vl3pB1FtQ0sZ6HQzP4lgXe/view?usp=drivesdk
IMG_2907.JPG,https://drive.google.com/file/d/1R1VHggWi9mUMJygtkNDp2MCEWpwoElz6/view?usp=drivesdk
IMG_2906.JPG,https://drive.google.com/file/d/1URWc2iKaBdixvPUxqljR0SgKs04zAq5j/view?usp=drivesdk
IMG_2905.JPG,https://drive.google.com/file/d/1RNM3xeh8PDuelrpMokQy-r3us7idQXoz/view?usp=drivesdk
IMG_2895.JPG,https://drive.google.com/file/d/1_ajzY2wrbkGvoW7TBCSLo3P52O-HZN92/view?usp=drivesdk
IMG_2894.JPG,https://drive.google.com/file/d/1xt7qfmbhZ3mFsMxvboPRk-recuS6nVK4/view?usp=drivesdk
IMG_2893.JPG,https://drive.google.com/file/d/1OOUlMgFuPDXf9n9ZytZuVrPxGc9LOQia/view?usp=drivesdk
IMG_2892.JPG,https://drive.google.com/file/d/1lY5RRJOUpEsVFyNjckr0XP65wLPsG2rA/view?usp=drivesdk
IMG_2891.JPG,https://drive.google.com/file/d/1wNgRtSZCZ2QxUQBLwBGyRhqTr42C4SkG/view?usp=drivesdk
IMG_2890.JPG,https://drive.google.com/file/d/1RPVDMqEb5JzM7kIqmDhQ_F_tGuz_Bpmk/view?usp=drivesdk
IMG_2889.JPG,https://drive.google.com/file/d/1VsWSWw9fRcpNliehL6j6_mmmWnuN4O8o/view?usp=drivesdk
IMG_2888.JPG,https://drive.google.com/file/d/1ezz2IhPVoQveh4CMKBl1ZJbcS7_BhEt6/view?usp=drivesdk
IMG_2887.JPG,https://drive.google.com/file/d/1SeLSUBve0gaK1xRwqkjjYLrF9DdwsxE8/view?usp=drivesdk
IMG_2886.JPG,https://drive.google.com/file/d/1M2-Zcv67M60PbhK3jWT9bFdeNhf95uMj/view?usp=drivesdk
IMG_2885.JPG,https://drive.google.com/file/d/1EWDsAiNjD-yOnLETJh2FinNqCT11iQN0/view?usp=drivesdk
IMG_2884.JPG,https://drive.google.com/file/d/12wwjSFc3kdnG8GXgHxXouUHtdEoBIYEN/view?usp=drivesdk
IMG_2883.JPG,https://drive.google.com/file/d/1UV47ENOrpg7kR3UY0UbydFQYyCHYiv6k/view?usp=drivesdk
IMG_2882.JPG,https://drive.google.com/file/d/1eRIoK4KANXvjJc9CC90Lej6SYNxidcT_/view?usp=drivesdk
IMG_2881.JPG,https://drive.google.com/file/d/1Bn8rXbSlqPv4yrhoHtS4nq3aOB9HkuXe/view?usp=drivesdk
099_1 (6).JPG,https://drive.google.com/file/d/1X1SMuqOZ5uGRuU8rFu8bDAYM-KpBwaHh/view?usp=drivesdk
scenic (3).JPG,https://drive.google.com/file/d/1-hviJDMNxqwgidKS89dKHdiINLraTGb8/view?usp=drivesdk
093_1 (8).JPG,https://drive.google.com/file/d/1tyNDJMsyM5lWJpxhNS9DtcsAmnMQ3Qny/view?usp=drivesdk
IMG_2880.JPG,https://drive.google.com/file/d/1Vd2oWzAtR4-r_7EcTWRn9tYB-lBg4qjY/view?usp=drivesdk
IMG_2879.JPG,https://drive.google.com/file/d/1l0HXCxBf5t-6jysACGpWw3ZsJ4kTbNbP/view?usp=drivesdk
IMG_2878.JPG,https://drive.google.com/file/d/1_6UDELK05q2AfdMuTmqztg1FtyPbb58y/view?usp=drivesdk
IMG_2877.JPG,https://drive.google.com/file/d/1Yz--2XjwkJkCRDLMXbKZUHtEhDoOJ0ii/view?usp=drivesdk
IMG_2876.JPG,https://drive.google.com/file/d/1xjL6fQQ3UuKpxT6rhjtmivWrVABomTRV/view?usp=drivesdk
IMG_2875.JPG,https://drive.google.com/file/d/16ywAWAJRMqQPdv536Ru1DUl82I3Go1aa/view?usp=drivesdk
IMG_2874.JPG,https://drive.google.com/file/d/1BACmyCpDYBisqRSovs0C3b85VGUAAPsR/view?usp=drivesdk
IMG_2873.JPG,https://drive.google.com/file/d/1RoLmFkyMnDhVbwkyj48shqYKDx9axjls/view?usp=drivesdk
IMG_2872.JPG,https://drive.google.com/file/d/1EpTyvEMpiynuptaE-Ao14Zj6ogIrG7W5/view?usp=drivesdk
IMG_2871.JPG,https://drive.google.com/file/d/1Qhv98406CfNA5zXc7ejxW6y-ldvxQi-D/view?usp=drivesdk
IMG_2870.JPG,https://drive.google.com/file/d/1jf24HFk9Zhp31YFK0IkDzccEkok_rUFO/view?usp=drivesdk
IMG_2869.JPG,https://drive.google.com/file/d/1jnIhe0Q9X_SkMcyQTg1p5cb0uOI6pVZh/view?usp=drivesdk
IMG_2868.JPG,https://drive.google.com/file/d/1MBY-TqRi09-FEuusGZ0SsVfzgZe5GVT7/view?usp=drivesdk
IMG_2867.JPG,https://drive.google.com/file/d/1JTD0ViGrflHRlTLqnUgQk5WSDTsZTG3g/view?usp=drivesdk
IMG_2866.JPG,https://drive.google.com/file/d/1ECa2pL80xFiE2gS3GYMs-OFOR2RbUBvy/view?usp=drivesdk
IMG_2865.JPG,https://drive.google.com/file/d/1QYz8DqmQqERh32-LWECcu58zBBggvEKi/view?usp=drivesdk
IMG_2864.JPG,https://drive.google.com/file/d/1YZoFrrVIuF_rjMjILMKNfdA6tJLIhrhG/view?usp=drivesdk
IMG_2863.JPG,https://drive.google.com/file/d/1dx6b1FtSWSpP-4_2I7Q1ivyy0PXBovux/view?usp=drivesdk
IMG_2862.JPG,https://drive.google.com/file/d/1ZvgVs5lMP-OXmi-p82hF8rpWKsMwR3cz/view?usp=drivesdk
IMG_2861.JPG,https://drive.google.com/file/d/1QgNllDRyh8hpJjwFBZ5jQ_mq0vitfAe8/view?usp=drivesdk
IMG_2860.JPG,https://drive.google.com/file/d/1-SCtqH2BupZO4XpuF_GYEqklbqbAugej/view?usp=drivesdk
IMG_2859.JPG,https://drive.google.com/file/d/1TgKF2aqWEmn-_AEK7FisLc_8LTBcmWoU/view?usp=drivesdk
IMG_2858.JPG,https://drive.google.com/file/d/1fEokQN-g-g7p8hta45LeLRW9t10cDMAU/view?usp=drivesdk
IMG_2857.JPG,https://drive.google.com/file/d/143-flcWlvQVOb4Ns_VvkVZyFESpESb1V/view?usp=drivesdk
IMG_2856.JPG,https://drive.google.com/file/d/1uVN_WhvFHB509aXDQgWQTrzh_Ezlfvcn/view?usp=drivesdk
IMG_2855.JPG,https://drive.google.com/file/d/1fiwpzAxkorjdIWsGf4GCwnWQDzGaNy6S/view?usp=drivesdk
IMG_2854.JPG,https://drive.google.com/file/d/1fkrvWLcCNboaQz0V2W6yV2t1er3C-Zl0/view?usp=drivesdk
IMG_2853.JPG,https://drive.google.com/file/d/1afPF5ohUsbYOCNgkT2OVW7mrpSe3iBOD/view?usp=drivesdk
WQEO1741.PNG,https://drive.google.com/file/d/1uWlCybnLqwfnu1g7IFE8x1VvUL-n1hix/view?usp=drivesdk
IMG_2852.JPG,https://drive.google.com/file/d/19kPgXYH8e8xQ62s8FV_VgeIckc2-_N4j/view?usp=drivesdk
IMG_2851.JPG,https://drive.google.com/file/d/1FlBTkhJ4RG7BlRxS_ZyysehDms9RLM63/view?usp=drivesdk
053 (6).JPG,https://drive.google.com/file/d/1imaUr691Mxkf82phLh4lhXhV2FYOw2ox/view?usp=drivesdk
053 (1).JPG,https://drive.google.com/file/d/1OM-c8bBj0Ho8oF8QAVAKURjS64tv5Mw5/view?usp=drivesdk
072_3.JPG,https://drive.google.com/file/d/1r9CtGOS77GiH2LvrP9CE-SucVvXLcS5t/view?usp=drivesdk
072_2.JPG,https://drive.google.com/file/d/1EhcuH4-mO56U11D4YOXGMQtIpMgeRjDy/view?usp=drivesdk
071_willow_like (7).JPG,https://drive.google.com/file/d/1P9gjql2Y2I26vTlsU8aIlgAtssCXIfW5/view?usp=drivesdk
071_willow_like (6).JPG,https://drive.google.com/file/d/1-zCHvzmPIZh4suV6KiqUgqNTq8xlFkU_/view?usp=drivesdk
071_willow_like (5).JPG,https://drive.google.com/file/d/1PjtrcMzEaVQQl72miPznZ4vHA4gtOaVv/view?usp=drivesdk
071_willow_like (4).JPG,https://drive.google.com/file/d/1GqvSITj3z__lkwgw5oU5xM9KZBpJ5y4F/view?usp=drivesdk
071_browsed_ceon.JPG,https://drive.google.com/file/d/11nCtJiVU5EDC3EF1_l3EIKP-ImOPwtgR/view?usp=drivesdk
071_browsed_ceon (2).JPG,https://drive.google.com/file/d/1e44i3377EKHpPb05kbUqQQi3cIaOcAUQ/view?usp=drivesdk
071_browsed_ceon (1).JPG,https://drive.google.com/file/d/1NqOmzQ5wuPBUOf9e9kU7vyRi0YS7YEbn/view?usp=drivesdk
071 (6).JPG,https://drive.google.com/file/d/1eBHC3iHnU_y2MkFktVvLMdxohaKJsGQv/view?usp=drivesdk
071 (5).JPG,https://drive.google.com/file/d/1IPsFAwsh1JLBjWnUveR2NUtOn9X-QXlm/view?usp=drivesdk
071 (4).JPG,https://drive.google.com/file/d/1GFfPEhDzLZlCPk5SZLDOYZyW3GfrHuTR/view?usp=drivesdk
071 (3).JPG,https://drive.google.com/file/d/1TBz34FoVALFwRBXIS6Fsn8CaBc_G0Bfb/view?usp=drivesdk
071 (2).JPG,https://drive.google.com/file/d/1rEj9x9r9wTtl_5gHP9aNO_d8K-c31gY-/view?usp=drivesdk
071 (1).JPG,https://drive.google.com/file/d/17GkT2Yto20pZl4RV-ksS3i1co3lfGKhC/view?usp=drivesdk
069_3.JPG,https://drive.google.com/file/d/1AjS9HYOVKlQS1xDEckqP4Wkgzh65x_F5/view?usp=drivesdk
069 _4.JPG,https://drive.google.com/file/d/1mDKMTTMI5bSzqOLy02TKQki6tli1kmgI/view?usp=drivesdk
069 (2).JPG,https://drive.google.com/file/d/1XBamaMX1uQ1Jlc12IXR_QIC8b2DRCSRp/view?usp=drivesdk
069 (1).JPG,https://drive.google.com/file/d/1hSLE9Ja4ghJN83kIeNZFjNl-YZoOnJUy/view?usp=drivesdk
068_3.JPG,https://drive.google.com/file/d/15Sl1sbMOLsyALQzx5Op2kmifvXgfzrfd/view?usp=drivesdk
068_1.JPG,https://drive.google.com/file/d/1_EpPJ-tJ4GdPUkwaxV5O8tprfUnoabre/view?usp=drivesdk
068 (6).JPG,https://drive.google.com/file/d/1NwEL_1RyR2l4JgfN6oxr57vRP6OJbQfC/view?usp=drivesdk
068 (5).JPG,https://drive.google.com/file/d/1nA07j0W7OT52dNfXEiOo22I_MddZ3Kxr/view?usp=drivesdk
068 (4).JPG,https://drive.google.com/file/d/1VA9morNJh-kdr7JdaBdXoH7HDMgjRH8L/view?usp=drivesdk
068 (2).JPG,https://drive.google.com/file/d/1jbe3zWoUsTRbAQFkPZ2G6XPOSoiH5y4s/view?usp=drivesdk
068 (1).JPG,https://drive.google.com/file/d/15rfZi6hP9t_hmpdk1LpCDgF1XFCVB2UQ/view?usp=drivesdk
066_3.JPG,https://drive.google.com/file/d/1M8drO2kvHGNillscIDIf5zYJtTnKng2n/view?usp=drivesdk
066.JPG,https://drive.google.com/file/d/1mMIiHxnWePQOgPcBLqEdBY7cX_0aqWj5/view?usp=drivesdk
066 (9).JPG,https://drive.google.com/file/d/1ZmMF1AQGzxc7VqzIrrRXeLr6-V8gpp6E/view?usp=drivesdk
066 (8).JPG,https://drive.google.com/file/d/1VhKAEM-2DniSbDxzpjicsDr8kYbXxcqx/view?usp=drivesdk
066 (7).JPG,https://drive.google.com/file/d/1b74F9mG_3Hmw4npGP4_riLQiNz7qCW36/view?usp=drivesdk
066 (6).JPG,https://drive.google.com/file/d/1SNdAQGPFntzzH6nXN1CmCOkpYDEceY5u/view?usp=drivesdk
066 (5).JPG,https://drive.google.com/file/d/1dmNqSMdemssJwTffekhAgBbhuO5xtRov/view?usp=drivesdk
066 (4).JPG,https://drive.google.com/file/d/1I0VE597VjSnTpyOA5abedCD-mtHXDUQr/view?usp=drivesdk
066 (2).JPG,https://drive.google.com/file/d/1aOtsOqIZ5zE9b621W8bLzlfHMyt2EtrH/view?usp=drivesdk
066 (1).JPG,https://drive.google.com/file/d/1juqZ4q-BBuvdU3L2cDR4n1zaWeh1YaUW/view?usp=drivesdk
065_1.JPG,https://drive.google.com/file/d/1hlu6EEgS54GXXrCJRokKZjYrpy1vlCmb/view?usp=drivesdk
063_1.JPG,https://drive.google.com/file/d/1eW2OWFSCFs-7CyI_zjVFAulIIXtCHP07/view?usp=drivesdk
063.JPG,https://drive.google.com/file/d/1cRXhfs5IE-MQHynP96mtXy0jwSf8szHq/view?usp=drivesdk
061_5.JPG,https://drive.google.com/file/d/1Ri6zfOb9HSk0RsMeUwzkTy4IFHeCBpFp/view?usp=drivesdk
061 (15).JPG,https://drive.google.com/file/d/1jgpeq_EYRqvmzxpzLo9hQSw19NQuRO5H/view?usp=drivesdk
061 (14).JPG,https://drive.google.com/file/d/16UgwiTeEK1RCReHsIVnpGn3Me6r0PFbe/view?usp=drivesdk
061 (13).JPG,https://drive.google.com/file/d/1qKyulzE3gpV8z-AZ48EmFXKSz0q5q0vS/view?usp=drivesdk
061 (12).JPG,https://drive.google.com/file/d/1cQlKg9Xa6X4XJZTqgBr2WbN4LrqMLE6g/view?usp=drivesdk
061 (11).JPG,https://drive.google.com/file/d/1DPfGrMO04IFb8lCo7wUELPK2BELlerBD/view?usp=drivesdk
061 (10).JPG,https://drive.google.com/file/d/1ZF1XrhA405nfZubobd9MQOneVoqeNNx0/view?usp=drivesdk
061 (9).JPG,https://drive.google.com/file/d/1Q13LBD4bVIJbeuH9mTKIOiF72QEJxqOe/view?usp=drivesdk
061 (8).JPG,https://drive.google.com/file/d/1h9dB-RNWn1xSYl5lWeHT2QwRVEQ1lcP5/view?usp=drivesdk
061 (7).JPG,https://drive.google.com/file/d/1qKEekMnXRqIesahB6ibAYWDOjvoj6wu0/view?usp=drivesdk
061 (6).JPG,https://drive.google.com/file/d/18O9UZBY5M-Wdl4TBc0ZBsD0wGPvDf3gb/view?usp=drivesdk
061 (4).JPG,https://drive.google.com/file/d/1hVYMWzLMapFMxPjhqdvPL8WDv-w5GXRO/view?usp=drivesdk
061 (3).JPG,https://drive.google.com/file/d/1kJU1ypcAtLHuPxPP9RuFN0HhGQK2zUes/view?usp=drivesdk
061 (2).JPG,https://drive.google.com/file/d/1vndpcSAxTiiiNswNSvOFAVOQc564uXFg/view?usp=drivesdk
061 (1).JPG,https://drive.google.com/file/d/1nPLBF00blTSIWBv-wYxBtRmPl4zMee2a/view?usp=drivesdk
060_1.JPG,https://drive.google.com/file/d/1YDH9KOSK5oe3qhSaTiO4aYx83KKVKK_U/view?usp=drivesdk
060 (4).JPG,https://drive.google.com/file/d/1Q4AbUo0xYH_Wg2M71wBZl3aLj_elL7SO/view?usp=drivesdk
060 (3).JPG,https://drive.google.com/file/d/14IkArQEqSlpFKpg7uVmy6toYPcY5DjNL/view?usp=drivesdk
060 (2).JPG,https://drive.google.com/file/d/1jP-avFXu_pC_PskhAwshnquGaAwQkQDt/view?usp=drivesdk
058_14.JPG,https://drive.google.com/file/d/1fAWTBzvV6OJ_IwUOTqiDtM9CEBiYTdbH/view?usp=drivesdk
058 (17).JPG,https://drive.google.com/file/d/1L9MhIxk1bhMJQqKhOUNQcsBBg5-BfajQ/view?usp=drivesdk
058 (16).JPG,https://drive.google.com/file/d/1X92K6RQFa83lPOBSshRe7bZaxQ7a6hU5/view?usp=drivesdk
058 (15).JPG,https://drive.google.com/file/d/1Ks_Sw-70LcQCiT9F3ZU53ZEhfKv3E_VS/view?usp=drivesdk
058 (13).JPG,https://drive.google.com/file/d/1P1t6v2cjFKysTWREsF_erXVhWsPGi4pt/view?usp=drivesdk
058 (12).JPG,https://drive.google.com/file/d/1sTEW3d9FUm0oWVUSzm1y5VqN_UV0iPMD/view?usp=drivesdk
058 (11).JPG,https://drive.google.com/file/d/1rSvz9_vbHjoxQkbDGvDyzcyfzbKTNkt2/view?usp=drivesdk
058 (10).JPG,https://drive.google.com/file/d/1L4Qcpz5OTNQv0F9j8MnCw_xTlyiSdYaS/view?usp=drivesdk
058 (9).JPG,https://drive.google.com/file/d/1k_7AXEEjIlSTHI1towox5r581JEW3YZo/view?usp=drivesdk
058 (8).JPG,https://drive.google.com/file/d/1nSOMsAHtuA7mjlpt1nUEJg6ZkseiNMAZ/view?usp=drivesdk
058 (7).JPG,https://drive.google.com/file/d/14nw7uGNZe68yC2k5bBmwgB8Ll-G2sIHW/view?usp=drivesdk
058 (6).JPG,https://drive.google.com/file/d/1UHKGUNUUwGwsm3EeHkOn46LsMt7WW_Gp/view?usp=drivesdk
058 (5).JPG,https://drive.google.com/file/d/1dTCZlo9ecRI-M5vWllzhsaBkEiSqnryJ/view?usp=drivesdk
058 (4).JPG,https://drive.google.com/file/d/13OmsH2kzGu6EBm_Kmr1Kp2InuAduMedi/view?usp=drivesdk
058 (3).JPG,https://drive.google.com/file/d/1vOkEnZAM8TJpGtAQRvn81puRncsopk65/view?usp=drivesdk
058 (2).JPG,https://drive.google.com/file/d/1GZPtEdyGTze50WHfsEagHnZm7WVMjncW/view?usp=drivesdk
058 (1).JPG,https://drive.google.com/file/d/1r6ZwImUIwGnqeZbbrV5v61AGuMcru99-/view?usp=drivesdk
055_bed_site (2).JPG,https://drive.google.com/file/d/1GFR7Vm86N_UmQ01VAwPo8C7WWZ15rjW3/view?usp=drivesdk
055_1_bed_site.JPG,https://drive.google.com/file/d/1c4ct4PHN1U_HtChwz8vC8kpUJsCBSPtZ/view?usp=drivesdk
053_white_fir_markings (5).JPG,https://drive.google.com/file/d/1IqK7OaN6KnQZUwaThOI3W0uOSKLDlyJR/view?usp=drivesdk
053_white_fir_markings (4).JPG,https://drive.google.com/file/d/1mbd25pBKpw7geLh2V5JvCmvqyW_NUunp/view?usp=drivesdk
053_white_fir_markings (3).JPG,https://drive.google.com/file/d/1COWxOeMho92DsptWCcJCwpuxTkusxHX_/view?usp=drivesdk
053_white_fir_markings (2).JPG,https://drive.google.com/file/d/1aST7y7KHS2FDT58YUsjtaEi8IhAwH3vc/view?usp=drivesdk
053_white_fir_markings (1).JPG,https://drive.google.com/file/d/1hnJzszWDqqt-UQj_hZzxmNPzGthZS__4/view?usp=drivesdk
053_unk_plant4.JPG,https://drive.google.com/file/d/1oOZMfsx5h460RJmwve9v2PPeOkbL2zjC/view?usp=drivesdk
053_unk_plant (6).JPG,https://drive.google.com/file/d/1jQAdO7abRpFcWqnFbTqE92qDVUU35Rg6/view?usp=drivesdk
053_unk_plant (5).JPG,https://drive.google.com/file/d/1o-W70MU62O_sru4U2vsEJs9e7bdDP73f/view?usp=drivesdk
053_unk_plant (4).JPG,https://drive.google.com/file/d/1qHU5Vn89N5dxz0Uu1i2__6UepNegAPkD/view?usp=drivesdk
053_unk_plant (3).JPG,https://drive.google.com/file/d/1GwyNwN9zIrq5BqIX_zSPu2ISD1grTXzd/view?usp=drivesdk
053_unk_plant (2).JPG,https://drive.google.com/file/d/1WqtrZZfa8IaT4jEj5VhOtwrVjyS89dab/view?usp=drivesdk
053_unk_plant (1).JPG,https://drive.google.com/file/d/1t2X1fJ2KqJm7pq576oXzYAvqcdlTcAGb/view?usp=drivesdk
053_less_than_30_mins_dry_sand.JPG,https://drive.google.com/file/d/1v2HhSQucFLXn8Pvfm09In818d5MDfPR7/view?usp=drivesdk
053_less_than_30_mins (3).JPG,https://drive.google.com/file/d/1z-6NS0vGZWMxMMoYsWAh1DnqlSVic6GE/view?usp=drivesdk
053_less_than_30_mins (2).JPG,https://drive.google.com/file/d/1T3GpNNmm0RaZa9ptIp1kF_oU7uj_DobW/view?usp=drivesdk
053_less_than_30_mins (1).JPG,https://drive.google.com/file/d/1mHK3x6UQoWGLlMSELWB-ZriqjEbj6HuM/view?usp=drivesdk
053_herd (8).JPG,https://drive.google.com/file/d/1mcDcwwDGPisKrekKGRen3TS7fvE0w_j-/view?usp=drivesdk
053_herd (7).JPG,https://drive.google.com/file/d/1TTwjpTg921HqD3k8Bv0zzdy3lrivTnTw/view?usp=drivesdk
053_herd (6).JPG,https://drive.google.com/file/d/1at-8cY13omJsDbF9M82mpBmVpX7Ry74S/view?usp=drivesdk
053_herd (5).JPG,https://drive.google.com/file/d/1uik58AQrbY5ciLDfUYruKn2kRPG4FKN8/view?usp=drivesdk
053_herd (4).MOV,https://drive.google.com/file/d/1Mqq5lMWKB8j95okfKt_aGdKkZirJ8mw1/view?usp=drivesdk
053_herd (4).JPG,https://drive.google.com/file/d/1ZvyVaRT68iN66Y6ibcYKjqgNXRk0AcV9/view?usp=drivesdk
053_herd (3).MOV,https://drive.google.com/file/d/17pxCbd_NHXUX9Rb4FZkR9C-dLXRUEy-c/view?usp=drivesdk
053_herd (3).JPG,https://drive.google.com/file/d/1qsjZTFeAv9em1Y_VlxH7-jWVa-llw3os/view?usp=drivesdk
053_herd (2).MOV,https://drive.google.com/file/d/1UfDwO8ItH9p7a2wKGVyicectaJu_PeBC/view?usp=drivesdk
053_herd (2).JPG,https://drive.google.com/file/d/12QavCBeCJqdjl4Tev_Bmiht7FBn94CWz/view?usp=drivesdk
053_herd (1).MOV,https://drive.google.com/file/d/1EbvHwluiGiaaHmr7yZhEtUK7wyrURBwr/view?usp=drivesdk
053_herd (1).JPG,https://drive.google.com/file/d/1HcBR9q8qQHywMdU9lmFyKKNWm4fmB7kN/view?usp=drivesdk
053_fir_markings (7).JPG,https://drive.google.com/file/d/1DCi8edTp4McDwi1-iBPEknkVVrWbo_CN/view?usp=drivesdk
053_fir_markings (6).JPG,https://drive.google.com/file/d/1c0sxivNfyKWXVn_RL6Uv-0ZMCNDdBPMu/view?usp=drivesdk
053_fir_markings (5).JPG,https://drive.google.com/file/d/1mTWHTORO79yV8kwy9Vk8qmCCm9mxvj9b/view?usp=drivesdk
053_fir_markings (4).JPG,https://drive.google.com/file/d/1y1awmpGvoxEnxUJlIrIt_L3IILc8sPmD/view?usp=drivesdk
053_fir_markings (3).JPG,https://drive.google.com/file/d/1axi0noudEu0l6ck4n8TmL-P_KyNrHfrq/view?usp=drivesdk
053_fir_markings (2).JPG,https://drive.google.com/file/d/1ZBgGWC_xJspNGgrYmWWkr7gCxF6Siguw/view?usp=drivesdk
053_fir_markings (1).JPG,https://drive.google.com/file/d/1nHd_E_DNiWOzCajljSZ5rgqXRqI4hgzs/view?usp=drivesdk
053_bed.JPG,https://drive.google.com/file/d/1rcz1We3iPyUqh7SHucS1HpoTLCX4cJ0E/view?usp=drivesdk
053 (11).JPG,https://drive.google.com/file/d/1S7LFkGT_1fZAEkeYdjeZgHxf8CciEPoz/view?usp=drivesdk
053 (10).JPG,https://drive.google.com/file/d/1GSbgrHpDykQsWjpOeog_7XbQNO3YOcJz/view?usp=drivesdk
053 (9).JPG,https://drive.google.com/file/d/1EFGejlJqz8jqxtvKrnxlViS0-bGjwOAA/view?usp=drivesdk
053 (7).JPG,https://drive.google.com/file/d/1cKm-Zol6wnu9zsFyAsy6howCsLMdH0ZI/view?usp=drivesdk
053 (5).JPG,https://drive.google.com/file/d/1p5sXAT16SA5M6cDX-S7huZ7eosfh4RI7/view?usp=drivesdk
053 (4).JPG,https://drive.google.com/file/d/1o8300MwcLpRCWC3TICaakT8fh2jSdwOK/view?usp=drivesdk
053 (3).JPG,https://drive.google.com/file/d/1uklidPY0Hp2vt8QyIyW1R4wzn1-Vox7b/view?usp=drivesdk
IMG_2848.JPG,https://drive.google.com/file/d/1t99_aNzj4GkfnCfI0Bk2kBpDQ5TA7bU8/view?usp=drivesdk
IMG_2847.JPG,https://drive.google.com/file/d/1ivMtZcsJzf-fguKRv8RFE6VxIty8tkNH/view?usp=drivesdk
IMG_2846.JPG,https://drive.google.com/file/d/1HqtM727SUQ6iJNWelYWGZbaNJ1hpDJ9N/view?usp=drivesdk
IMG_2845.JPG,https://drive.google.com/file/d/1R-grolRzyNs-kN4k8D91u7VehRZEU7bK/view?usp=drivesdk
IMG_2844.JPG,https://drive.google.com/file/d/1DMcZ0cDjYWJsfC-udbT3kMvpHmf2SD-P/view?usp=drivesdk
IMG_2738_p7.jpg,https://drive.google.com/file/d/1ghduZI7VyxjvzipCQFzLGf7M4JNB89rd/view?usp=drivesdk
gordon.JPG,https://drive.google.com/file/d/13f6mUE8zTtXY4OgHq_Pt67EXocPdJibi/view?usp=drivesdk
dogwood_red_stem.JPG,https://drive.google.com/file/d/1xCvsyMm9jbwl1fkJKAQ8lbvpehcKWlSc/view?usp=drivesdk
dogwood_flowers.JPG,https://drive.google.com/file/d/12_5Nwt8KzY2PiB2e8XFRRxz1z2pokFOB/view?usp=drivesdk
dogwood.JPG,https://drive.google.com/file/d/1xI662f7xPwmTyMtDEtW_t8wHe8hzezKz/view?usp=drivesdk
bear_on_ridge_7_11_2017.JPG,https://drive.google.com/file/d/13BgVBPb_aJzz_drzGXiB8mpJZzXq9Gmd/view?usp=drivesdk
elk_track_mcCash_july_2017.jpg,https://drive.google.com/file/d/1hxOBBADC1z3fqeLfdcX3NcN3Z_d4mYic/view?usp=drivesdk
072_4.JPG,https://drive.google.com/file/d/1YDvMjqnAGkZuCGMrsB3qWgrbYQthIfFZ/view?usp=drivesdk
tracks_near_hells_sandy_junction.JPG,https://drive.google.com/file/d/1y_xT6KvY2gyV9_U9VkkJnBKeWmqfMyM5/view?usp=drivesdk
007_1.JPG,https://drive.google.com/file/d/12cTxYabPs-pkfAMV9H8fReeUBZlnhz3A/view?usp=drivesdk
009_2.JPG,https://drive.google.com/file/d/1EV41xgT7iMJqAr2Ds8GR-aZuXBJmTBVT/view?usp=drivesdk
006_2.JPG,https://drive.google.com/file/d/1LChhehQadgkYQ2CMvGiosSE5BeaOjhVK/view?usp=drivesdk
008_1.JPG,https://drive.google.com/file/d/1QQXNK3TnEgba5tsttWmF0n1_QijnUR16/view?usp=drivesdk
009_3.JPG,https://drive.google.com/file/d/1QWhSsNuV8xp0mVkOhGs77UVm3H18Kl0d/view?usp=drivesdk
004_2.JPG,https://drive.google.com/file/d/1R4QHygO1H8_VKago5pbrPK49bcacBMxG/view?usp=drivesdk
008_2.JPG,https://drive.google.com/file/d/1azFWwk6a84EMeexeYl_8QHNOX-BAO6GK/view?usp=drivesdk
010_1.JPG,https://drive.google.com/file/d/1kSFGbnaxx6oHRmVAq-p3zf0M-UGRiG4e/view?usp=drivesdk
008_3.JPG,https://drive.google.com/file/d/1lUbnDNbU-LDOkg3ZptUEB8py6uH6V8rN/view?usp=drivesdk
010_3.JPG,https://drive.google.com/file/d/1nqQ9YDJ0zDblMNNF97i9Xx7aehJ1U6UO/view?usp=drivesdk
010_2.JPG,https://drive.google.com/file/d/1pc62pafoBdlentymwgNJxHyZeWmFdEkw/view?usp=drivesdk
009_1.JPG,https://drive.google.com/file/d/1rOrVffY8qZ2JC2K1M6ABpDPuP0hbiuM9/view?usp=drivesdk
006_1.JPG,https://drive.google.com/file/d/1uhVE7cZadtUDOv-s_YlOhoNhuj8d0fyt/view?usp=drivesdk
010_4.JPG,https://drive.google.com/file/d/1zt2994PsGe-9AtpwSms-dDfjAG_ivGiR/view?usp=drivesdk
045_2.JPG,https://drive.google.com/file/d/1Wgizxmm7tS7gZkybhCdig9CGxkUDhOHT/view?usp=drivesdk
045_1.JPG,https://drive.google.com/file/d/1QabdL0Sa2JoMqyR17ijFtsPKePzJ54KC/view?usp=drivesdk
043_2.JPG,https://drive.google.com/file/d/1pgxX4oHCzecxOnxoz8OiRoRbdo7hMhaS/view?usp=drivesdk
043_1.JPG,https://drive.google.com/file/d/1b3mp2YfapxsOcLYmqC4i_jTOfGAoAH5P/view?usp=drivesdk
043.JPG,https://drive.google.com/file/d/1DLSU9_umB6PNOc6ugnE0uYlHGgg7Sb9D/view?usp=drivesdk
042_3.JPG,https://drive.google.com/file/d/1lmT98BknjxE1-QGtyRnQkJfLqJv2BFUk/view?usp=drivesdk
042_2.JPG,https://drive.google.com/file/d/10lgHvM6xvtubjDl6h9qOc6QYZ6wGQn0Q/view?usp=drivesdk
042_1.JPG,https://drive.google.com/file/d/1jqilhHQ3NrXtfOfyCBRWQeS2rTzMdNzs/view?usp=drivesdk
042.JPG,https://drive.google.com/file/d/1EdmvsmiquZR7TD5UqgREaWPmNy91GwaS/view?usp=drivesdk
041_1.JPG,https://drive.google.com/file/d/1ajOwa6GRS8QzAVf1M3_XST8ybGyjV6y6/view?usp=drivesdk
040_nice_track.JPG,https://drive.google.com/file/d/13rPoPSz09-HFPO3WBkdJSHv5W_I5wZSd/view?usp=drivesdk
040_nice_stride_pic.JPG,https://drive.google.com/file/d/1FmCi0CUYqQf7meXQZiCnIvIy3xDxEFQb/view?usp=drivesdk
040_10.JPG,https://drive.google.com/file/d/1DJO52HYztrr5h9rqegYmLpOi6JjCHQ3l/view?usp=drivesdk
040_9.JPG,https://drive.google.com/file/d/1tXcgmMPlXb3xi2jk3hPaKxgeR0KwKS-M/view?usp=drivesdk
040_8.JPG,https://drive.google.com/file/d/1Rr_u3cD_FFDsdV7cU2Dk4b9fZ6ad-Oed/view?usp=drivesdk
040_7.JPG,https://drive.google.com/file/d/1atjZcnOCQRZf_8vnoMoyHkOya7vWnhRv/view?usp=drivesdk
040_6.JPG,https://drive.google.com/file/d/1tcIIUOp_cxE_XKOxt4f4ykZsmnfLyMDb/view?usp=drivesdk
040_5.JPG,https://drive.google.com/file/d/1TSEoTmCU2R0c_Gas_1G3I4Ub9Jk3vVN5/view?usp=drivesdk
040_4.JPG,https://drive.google.com/file/d/1JV5l6i1tRVjYULmHF1amv-jaIciJv6f-/view?usp=drivesdk
040_3.JPG,https://drive.google.com/file/d/1oKx5y-d-XjNIYloe5U55HtZf72xYkXCp/view?usp=drivesdk
040_2.JPG,https://drive.google.com/file/d/1Ab894Fn-AT-dHD3RuD1rHYkJWLV5SR7L/view?usp=drivesdk
040_1.JPG,https://drive.google.com/file/d/1IjTd25W5hOmYeV9K278dFCwomDfUVM8C/view?usp=drivesdk
040.JPG,https://drive.google.com/file/d/19IcOc4WlLTFcziKEjbivXI0EVK3u8bXx/view?usp=drivesdk
039_6.JPG,https://drive.google.com/file/d/1dL3dfEsvq8oWuVIO5D0Fehiwfrdhl1Dc/view?usp=drivesdk
038_10.JPG,https://drive.google.com/file/d/1Wy3rViIAlnVoh92dnQQI7DUZeRxb9XeF/view?usp=drivesdk
038_9.JPG,https://drive.google.com/file/d/1AZVWDyDBWaDDnaHCcF6Opo0-SLGWRyPn/view?usp=drivesdk
038_6.JPG,https://drive.google.com/file/d/1mTnmBRqdfrCqibN75G9ZUd47eOD0Sxp3/view?usp=drivesdk
038_5.JPG,https://drive.google.com/file/d/1DTaItxDgOQcGrGJJl-ZSatPqSAO6Ul46/view?usp=drivesdk
038_4.JPG,https://drive.google.com/file/d/1kv2r7O21ZXgTGlkFxvtqZ2ieFR9TIcoF/view?usp=drivesdk
038_3.JPG,https://drive.google.com/file/d/1G-Zn_6-nQCGFgdhz2qAmVkidrd0Fvxmc/view?usp=drivesdk
038_2.JPG,https://drive.google.com/file/d/1I8KWLtqpWCXBmfyZuOPofKVjqNFYuTOF/view?usp=drivesdk
038_1.JPG,https://drive.google.com/file/d/1DipFO36fvOHBROBuCsHkFSRxE6UIvkhG/view?usp=drivesdk
038.JPG,https://drive.google.com/file/d/1Wza57dRME-7Gi1hPNIsGIVK16mDdOCtx/view?usp=drivesdk
036_12.JPG,https://drive.google.com/file/d/151VlkDAtEwE37SgDoNR8wEAob5bBRVBc/view?usp=drivesdk
036_11.JPG,https://drive.google.com/file/d/15HjluutIKYt6XB-kilKB7d7n9PTHU8oM/view?usp=drivesdk
036_10.JPG,https://drive.google.com/file/d/1jMwtlmkMUHQEnnHyPEtufqCQlM0IYtje/view?usp=drivesdk
036_9.JPG,https://drive.google.com/file/d/1TIOnxN9FcZKzWZszq2Vlc8uKhAPyGdbk/view?usp=drivesdk
036_8.JPG,https://drive.google.com/file/d/19G8SAkHiHckjcHjJRqGyZPLmG8EYcCCk/view?usp=drivesdk
036_7.JPG,https://drive.google.com/file/d/1Ml-xDl_DKxdRSSxCWwUS5pyl1puVzeL8/view?usp=drivesdk
036_4.JPG,https://drive.google.com/file/d/1Unh1bfAp6_zH7kSvaL9fsiHvmqv3N-ym/view?usp=drivesdk
036_3.JPG,https://drive.google.com/file/d/1lM_0NW2dHi7Gv40E-7Awig33V-z3j5fw/view?usp=drivesdk
036_2.JPG,https://drive.google.com/file/d/1jky2Un_FE9UQW-PAVDMg6HK_D679sQyz/view?usp=drivesdk
036_1.JPG,https://drive.google.com/file/d/1OfbCMXJqoZ7bcFEan1f3HUuLIwYiCZE4/view?usp=drivesdk
036.JPG,https://drive.google.com/file/d/1DlmJFuH92EGxCuIdVsW8aLnGYcFhF3Uz/view?usp=drivesdk
035_16.JPG,https://drive.google.com/file/d/1gA5QHXzYcBPkjHC9o4gTY6toyN0iitzM/view?usp=drivesdk
035_15.JPG,https://drive.google.com/file/d/1Q2JiRlzfVm--K5Q7_EJyaHEApfPuWMat/view?usp=drivesdk
035_14.JPG,https://drive.google.com/file/d/1qSfw2eM9vX7maR__He4x-kIz6UC1iVx9/view?usp=drivesdk
035_13.JPG,https://drive.google.com/file/d/18msMISHB518cwn6BMEWYIaxsitOCD-P_/view?usp=drivesdk
035_12.JPG,https://drive.google.com/file/d/1mXs_dFTTkdy5oQV3DlSmj_H_dDlABqjC/view?usp=drivesdk
035_11.JPG,https://drive.google.com/file/d/1spmGUq2dCTgXtSiUsksCUT-Ra4FnUo7w/view?usp=drivesdk
035_10.JPG,https://drive.google.com/file/d/1QhxjDlHeGxvr1cKmGD5SnUItw01nGlvL/view?usp=drivesdk
035_9.JPG,https://drive.google.com/file/d/1glzVfS9Ww6UOTUSrW2NDGva3WfvQyyOt/view?usp=drivesdk
035_8.JPG,https://drive.google.com/file/d/1wgSW86xzNbZrI8vU8gM962aA2t5FehYE/view?usp=drivesdk
035_7.JPG,https://drive.google.com/file/d/1HYzNyEtsfjSVIsRVMF_-3ZqlST-fbfTs/view?usp=drivesdk
035_6.JPG,https://drive.google.com/file/d/1z-ajK2iz5Spzq4FmyGV5xbaIYkHHtOvS/view?usp=drivesdk
035_5.JPG,https://drive.google.com/file/d/1b_deB4kINxHA3gSKQi1UqRZsdZ3bg1rH/view?usp=drivesdk
035_3.JPG,https://drive.google.com/file/d/10G4jMGx2WrK_yW6_qLzrfqTf3LOdcbfW/view?usp=drivesdk
035_2.JPG,https://drive.google.com/file/d/1zg0oHieQ6RM7EOFLotHLVMhMsnLAg3P6/view?usp=drivesdk
035_1.JPG,https://drive.google.com/file/d/1W2lTMRio0SYLP5IyVIMkDyDgjLVgPlSK/view?usp=drivesdk
035.JPG,https://drive.google.com/file/d/1Tj2Uo57ic_eQp3TBVhvu2PlYI_khjNPk/view?usp=drivesdk
034_2.JPG,https://drive.google.com/file/d/1XseZ8QNgVk0NfYatE_ZrnLsT-GDCBMmQ/view?usp=drivesdk
034_1.JPG,https://drive.google.com/file/d/1gZLk8x8616DxaN0DLkIoi0C5iqHm9DWC/view?usp=drivesdk
034.JPG,https://drive.google.com/file/d/1fbGnRFtYZYY1f4sAshUO_DYUT-iBdpvm/view?usp=drivesdk
031_vertebrae.JPG,https://drive.google.com/file/d/1LrO2Sm1CroXI3sDpSfk2qwU6wN6DyOe1/view?usp=drivesdk
031_vert.JPG,https://drive.google.com/file/d/1aRP8aV09Eu2g0tnb-vwQVVJ49zRblho5/view?usp=drivesdk
031_upper_jaw.JPG,https://drive.google.com/file/d/1MWcyLSXqyR672utAtJkFk-DKsDw-V0ha/view?usp=drivesdk
031_skull_antlers_2.JPG,https://drive.google.com/file/d/1appVZ-zpbYiwSHTeW6u26-K-zwl93f27/view?usp=drivesdk
031_skull_and_antlers_1.JPG,https://drive.google.com/file/d/1o6-dKYttCWxx35hyPRLHkCxOmaY4cQl7/view?usp=drivesdk
031_skull_2.JPG,https://drive.google.com/file/d/1p1i7DPeTHUsnMQ6x17vnXlaxoAdpFBE6/view?usp=drivesdk
031_skull_1.JPG,https://drive.google.com/file/d/1jUSvqDGtfRP-wZWTYQIKMjWkyTL24T4v/view?usp=drivesdk
031_scrape_2.JPG,https://drive.google.com/file/d/1JDbxo2IlcoDHHu2BGXu5Y4EJ1ThnPrcH/view?usp=drivesdk
031_scrape.JPG,https://drive.google.com/file/d/1n29lLi_mpvSHrQ0b2XfIeCaX-GbaXGKt/view?usp=drivesdk
031_quartermile_scrape_3.JPG,https://drive.google.com/file/d/1b7CAWvDyIa4yyjbG-IufiOHkTvzMf02s/view?usp=drivesdk
031_quartermile_scrape.JPG,https://drive.google.com/file/d/1PsUfs_yML5SpeBRQrn0RTcl8P7i9CHhx/view?usp=drivesdk
031_quarter_mile_scrape_2.JPG,https://drive.google.com/file/d/147qwAZk3RsRIKvVtksW2pNMn9At_5LSP/view?usp=drivesdk
031_quarter_mile_scrape.JPG,https://drive.google.com/file/d/18IYXf9btlAo3bjxWQWLt9wIHcUyWFdh3/view?usp=drivesdk
031_jaw_4.JPG,https://drive.google.com/file/d/1RpmTu2JG4eVBHCSFLsdyaQJTlHUaIufP/view?usp=drivesdk
031_jaw_3.JPG,https://drive.google.com/file/d/12Rmebtoy8etKWZ5NNJkb9foFVosuv6CE/view?usp=drivesdk
031_jaw_2.JPG,https://drive.google.com/file/d/1Lqe-FuPS0Uid7TjbKerVd_fMn7K3FJSX/view?usp=drivesdk
031_jaw.JPG,https://drive.google.com/file/d/1qqq7rBXSOr44ECxpHTge9vGhAhCLqdGt/view?usp=drivesdk
031_fur_patch.JPG,https://drive.google.com/file/d/1YRlq0LRVahY5ukOdhdqPU6ky2vLLHJ_j/view?usp=drivesdk
031_front_teeth.JPG,https://drive.google.com/file/d/1wvAqYHOeWn1-eCQDcdEyl5UT2OskUSS6/view?usp=drivesdk
031_bones_2.JPG,https://drive.google.com/file/d/1TJgF7pSFYIV3yNz8CMc7mB8r1DuGevPr/view?usp=drivesdk
031_bones_1.JPG,https://drive.google.com/file/d/1bQcnXJPLX2F3F39e4fFYXhxcIxGuPYXO/view?usp=drivesdk
031_bone_2.JPG,https://drive.google.com/file/d/196mCS2K25WOhJnJf_AqPnFJH4qtN-XBe/view?usp=drivesdk
031_bone.JPG,https://drive.google.com/file/d/1BZ_FBb2B23GZwR_PWOm3zcWC_9YIkFWb/view?usp=drivesdk
031.JPG,https://drive.google.com/file/d/1nR4pzGBIPIyUJ0AK4RXCv_M5YMX7eiIx/view?usp=drivesdk
028_10.JPG,https://drive.google.com/file/d/1MQnhAPJ8RKe8CJ53MCxy2-L5hDoF9-Uh/view?usp=drivesdk
028_9.JPG,https://drive.google.com/file/d/1GnU_kUQVREgBIr-Cn0LrSBYzt2LkSQFz/view?usp=drivesdk
028_7.JPG,https://drive.google.com/file/d/1k6rYiI0Mla-4wGQdnIr5HAmfu3Da5H-8/view?usp=drivesdk
028_6.JPG,https://drive.google.com/file/d/1qxdXtk0gjRaMxLE-uyX2oUhfO98hC3xq/view?usp=drivesdk
028_5.JPG,https://drive.google.com/file/d/1mzqN69iWrmbst8sGoMQ9b0Old0WlCUlj/view?usp=drivesdk
028_4.JPG,https://drive.google.com/file/d/17vJ1uv_b44Da4bL8_NyE-zSXnBC5fRs7/view?usp=drivesdk
028_3.JPG,https://drive.google.com/file/d/1D2zUSuCxC6IiPmpDpzLLFrvK1tHngBnz/view?usp=drivesdk
028_2.JPG,https://drive.google.com/file/d/1gunpv29VUjmPKuuYLiAvBuq5NwC2U1Ov/view?usp=drivesdk
028_1.JPG,https://drive.google.com/file/d/1l0PbBycH8VRZXL0crDeEBCXNkaVMITWg/view?usp=drivesdk
028.JPG,https://drive.google.com/file/d/1jg19D1Gi9KoU6o8F6C0H3wFgkKCuSAEk/view?usp=drivesdk
023_4.JPG,https://drive.google.com/file/d/1N8ds95QKD36nP1VCtmjNzJpSM4j-gfxW/view?usp=drivesdk
023_3.JPG,https://drive.google.com/file/d/1oU-e5-v289-4PKU6DUJL41K1WWdN6X4_/view?usp=drivesdk
023_2.JPG,https://drive.google.com/file/d/1-72AgHgQi_3PHKSy94utQ7iwNILJO3qx/view?usp=drivesdk
023_1.JPG,https://drive.google.com/file/d/1GAx0-4aYYdnxsfJUjX-0txSz8DWtaeem/view?usp=drivesdk
023.JPG,https://drive.google.com/file/d/1pjcEfgCPN0GjRBiHSPdcflcPw4q048cV/view?usp=drivesdk
021_2.JPG,https://drive.google.com/file/d/1jxZo0UJthH5O4mQQJnr0pp-jrQ6mJjdL/view?usp=drivesdk
021_1.JPG,https://drive.google.com/file/d/1Gi4V9VljuBID5hdjodiawfEjme2dcbcj/view?usp=drivesdk
021.JPG,https://drive.google.com/file/d/1LVzCFo8p34HjbqmSMtl7C01JO3OMxQ6T/view?usp=drivesdk
019_13.JPG,https://drive.google.com/file/d/1y6kmz-FivjVGVZaGX8hP6eLLOotpoaih/view?usp=drivesdk
019_12.JPG,https://drive.google.com/file/d/1_T_eK7SbwtVgwnHEZGPjVd_DdvXhq5Jt/view?usp=drivesdk
019_11.JPG,https://drive.google.com/file/d/1YgvlLWDBeLQhv-DNZKETXMhVASdVlyVz/view?usp=drivesdk
019_10.JPG,https://drive.google.com/file/d/1GNr8i-YXnPBHuHfCySfGib59YeVgExck/view?usp=drivesdk
019_9.JPG,https://drive.google.com/file/d/1UMiq5-YyHPUOiIFOIZdNfzN0SLvnMrTi/view?usp=drivesdk
019_8.JPG,https://drive.google.com/file/d/1qS1XgS9PlqMlqTZQv7BIWZmDi-2_Ds_l/view?usp=drivesdk
019_7.JPG,https://drive.google.com/file/d/16z4gKL8qGhGZe6z4WEGvf5JrzTpdQdXn/view?usp=drivesdk
019_6.JPG,https://drive.google.com/file/d/1uVEC63COgKXVog8b_xRbjcmLNVJkL1Yt/view?usp=drivesdk
019_5.JPG,https://drive.google.com/file/d/1A8pipzmN2oPhWddAXyagygDo1St0B_2N/view?usp=drivesdk
019_4.JPG,https://drive.google.com/file/d/10mcexWwlyl79Gz1PpYUrFgMuz2xFhqPQ/view?usp=drivesdk
019_3.JPG,https://drive.google.com/file/d/1Bk3f7_ShWihlNZFylps1RrQiYcveHg6e/view?usp=drivesdk
019_2.JPG,https://drive.google.com/file/d/1stFk73uvKwcWzpDB_9aEfXhu2spY9dbG/view?usp=drivesdk
019_1.JPG,https://drive.google.com/file/d/1H88nq7wJtRdanL0FZj2rDoDxRlztj432/view?usp=drivesdk
017_P3.JPG,https://drive.google.com/file/d/1d4ZVL-VQtK08iMA--uO6xcAYxivdKRNn/view?usp=drivesdk
017_alders_3.JPG,https://drive.google.com/file/d/1SiNb1B0Vl0jQd3HbTx0I34oWaEgFU86q/view?usp=drivesdk
017_alders_2.JPG,https://drive.google.com/file/d/1l2CL8Lry6GgnRNvkoNUXiSyg577qHBD2/view?usp=drivesdk
017_alders.JPG,https://drive.google.com/file/d/1_H-9ORQWJsL-xIumD0lOy_gTcb3x5MZT/view?usp=drivesdk
017_5.JPG,https://drive.google.com/file/d/1oYPVQSqnSR7Hv1rlJ7SuUPdrAMyE3ZOl/view?usp=drivesdk
017_4.JPG,https://drive.google.com/file/d/1_SzTbbwB99N8zp7fnd62Hd-h_dUFZNVi/view?usp=drivesdk
017_3.JPG,https://drive.google.com/file/d/1-pNucV3MxtHtABwhR5D-iOchK5e4lOVF/view?usp=drivesdk
017_2.JPG,https://drive.google.com/file/d/1NUopCfzQPlwpC7PepaLTZ3poOrXB3PsR/view?usp=drivesdk
017_1.JPG,https://drive.google.com/file/d/1vYoNlG9z3Ba4iM0uwJyjwi7Z2Qc0glWW/view?usp=drivesdk
016_bear_scat.JPG,https://drive.google.com/file/d/1AFqvHrJ6hY0IL2Bi-Nda1ChTGIvnsT5D/view?usp=drivesdk
016_8.JPG,https://drive.google.com/file/d/1V-sAQ_a3CdBXnddI10v9Saj85FblQKYN/view?usp=drivesdk
016_7.JPG,https://drive.google.com/file/d/1X3I4J_ifUPo07txrMF0r_nF5Ea4tqDE2/view?usp=drivesdk
016_5.JPG,https://drive.google.com/file/d/1JjGWhWfOTnNi07Ja86rq0s-mWPyDUo2v/view?usp=drivesdk
016_4.JPG,https://drive.google.com/file/d/1k5HutWDARlzF21gL6mzJMgQJ1ugxMg54/view?usp=drivesdk
016_3.JPG,https://drive.google.com/file/d/1JcGTUl5vnobGmlNzAOQCtss2vHLRhdVh/view?usp=drivesdk
016_2.JPG,https://drive.google.com/file/d/1vUAYm0QeEZGmqMzxw9A7mmJ7K5l5KJhx/view?usp=drivesdk
016_1.JPG,https://drive.google.com/file/d/1-qzdxxgE7zHXN7470k2Z1H6ooKDlbuKG/view?usp=drivesdk
013_8.JPG,https://drive.google.com/file/d/1kUMcTcH_WBSRljG0cVHnpsLyOnq4oQ7C/view?usp=drivesdk
013_7.JPG,https://drive.google.com/file/d/1CMiIVg09dfAnl2ga0GLRueHPjmT3RFYt/view?usp=drivesdk
013_6.JPG,https://drive.google.com/file/d/104l4Np10RbUxl6KMTHS5OWZLnHqDDaF5/view?usp=drivesdk
013_5.JPG,https://drive.google.com/file/d/1j3iLzrh_00bZHkKG9rb6OKHQ63NkQXgI/view?usp=drivesdk
013_4.JPG,https://drive.google.com/file/d/1FRxjho9PwyoQdSLNbl1tPGczaYT_m3vK/view?usp=drivesdk
013_3.JPG,https://drive.google.com/file/d/1vI3T39n9oBKVLXKEk_s9OZkFxsM1vyYI/view?usp=drivesdk
013_2.JPG,https://drive.google.com/file/d/1OCJ61fcX9YluuUSiST2Yt9zBwHObKT7I/view?usp=drivesdk
010_7.JPG,https://drive.google.com/file/d/173kAPzXfLjYI8BVghltLcRVRMGxHmUVp/view?usp=drivesdk
010_6.JPG,https://drive.google.com/file/d/13QpYdRcH5jfukJbprlGT0GSrY0IIaUAY/view?usp=drivesdk
010_5.JPG,https://drive.google.com/file/d/1aIhm1YP5GqOto1bmZqF6HLg0vbrF13bz/view?usp=drivesdk
060 (5).JPG,https://drive.google.com/file/d/1FrU9gmmReeznu_1Qw7BomJWqqXgff9JI/view?usp=drivesdk
045_4.JPG,https://drive.google.com/file/d/1BcacodW1CME9QT_42Lyk9ZusC1vt_a85/view?usp=drivesdk
045_3.JPG,https://drive.google.com/file/d/1uFq7A24Ag_tnef7mo8D2grbLz1UwKWq0/view?usp=drivesdk
